#Tg,--->,298
#Te,--->,69630
#No.,Rate,I1,I2,I3,I4,--->,O1,O2,O3,O4
#1,1.99257e-15,e,N2,,,--->,N(2_D),N,e,,
#2,1.13852e-16,e,N2,,,--->,N2(A_3_Sigma),e,,,
#3,1.47884e-15,e,N2,,,--->,N2(B_3_Pi),e,,,
#4,1.28411e-15,e,N2,,,--->,N2+,e,e,,
#5,5.05071e-15,e,N,,,--->,N(2_D),e,,,
#6,1.6266e-15,e,N,,,--->,N+,e,e,,
#7,6.35869e-15,e,O2,,,--->,O,O,e,,
#8,4.16592e-15,e,O2,,,--->,O(1_D),O,e,,
#9,7.79935e-16,e,O2,,,--->,O2(a_1_Delta),e,,,
#10,1.97111e-15,e,O2,,,--->,O2+,e,e,,
#11,1.28705e-13,e,O3,,,--->,O,O2,e,,
#12,5.98239e-15,e,O,,,--->,O(1_D),e,,,
#13,1.55741e-15,e,O,,,--->,O+,e,e,,
#14,9.22597e-16,e,H2O,,,--->,H2O+,e,e,,
#15,1.47336e-16,e,H2O,,,--->,OH+,H,e,e,
#16,3.81324e-17,e,H2O,,,--->,H+,OH,e,e,
#17,4.17455e-18,e,H2O,,,--->,O+,H2,e,e,
#18,1.52915e-19,e,H2O,,,--->,H2+,O,e,e,
#19,5.99089e-15,e,H2O,,,--->,OH,H,e,,
#20,1.56455e-17,e,H2O,,,--->,H2,O(1_D),e,,
#21,5.05785e-15,e,H2,,,--->,H,H,e,,
#22,8.23504e-16,e,H2,,,--->,H2+,e,e,,
#23,5.72435e-15,e,N2O5,,,--->,NO2+,NO3,e,e,
#24,1.69809e-42,e,N+,M,,--->,N,M,,,
#25,6.76317e-16,e,N2+,,,--->,N,N,,,
#26,6.1113e-16,e,N2+,,,--->,N(2_D),N,,,
#27,1.69809e-42,e,N2+,M,,--->,N2,M,,,
#28,1.31123e-14,e,N3+,,,--->,N2,N,,,
#29,1.28286e-13,e,N4+,,,--->,N2,N2,,,
#30,1.69809e-42,e,O+,M,,--->,O,M,,,
#31,6.84466e-15,e,O2+,,,--->,O,O,,,
#32,5.05201e-15,e,O2+,,,--->,O,O(1_D),,,
#33,1.69809e-42,e,O2+,M,,--->,O2,M,,,
#34,9.17101e-14,e,O4+,,,--->,O2,O2,,,
#35,1.31123e-14,e,N2O+,,,--->,N2,O,,,
#36,8.18478e-16,e,NO+,,,--->,N,O,,,
#37,3.27391e-15,e,NO+,,,--->,N(2_D),O,,,
#38,1.69809e-42,e,NO+,M,,--->,NO,M,,,
#39,1.31123e-14,e,NO2+,,,--->,NO,O,,,
#40,1.53855e-15,e,H2+,,,--->,H,H,,,
#41,1.97063e-13,e,H3+,,,--->,H,H2,,,
#42,2.28766e-16,e,H3+,,,--->,H,H,H,,
#43,1.03458e-14,e,H2O+,,,--->,OH,H,,,
#44,5.19185e-15,e,H2O+,,,--->,O,H2,,,
#45,5.19185e-15,e,H2O+,,,--->,O,H,H,,
#46,2.06916e-14,e,H3O+,,,--->,OH,H,H,,
#47,2.19477e-42,e,e,N+,,--->,N,e,,,
#48,2.19477e-42,e,e,N2+,,--->,N2,e,,,
#49,2.19477e-42,e,e,O+,,--->,O,e,,,
#50,2.19477e-42,e,e,O2+,,--->,O2,e,,,
#51,2.19477e-42,e,e,NO+,,--->,NO,e,,,
#52,2.19477e-42,e,e,H+,,--->,H,e,,,
#53,2.19477e-42,e,e,H2+,,--->,H2,e,,,
#54,2.19477e-42,e,e,OH+,,--->,OH,e,,,
#55,2.19477e-42,e,e,H2O+,,--->,H2O,e,,,
#56,1e-43,e,O,O2,,--->,O-,O2,,,
#57,1e-43,e,O,O2,,--->,O2-,O,,,
#58,8.29695e-44,e,O2,O2,,--->,O2-,O2,,,
#59,2.3928e-46,e,O2,N2,,--->,O2-,N2,,,
#60,4.73116e-17,e,O2,,,--->,O-,O,,,
#61,5.70916e-17,e,O2,,,--->,O2-,,,,
#62,1e-17,e,O3,,,--->,O-,O2,,,
#63,1e-15,e,O3,,,--->,O2-,O,,,
#64,1e-43,e,O3,M,,--->,O3-,M,,,
#65,2e-16,e,N2O,,,--->,O-,N2,,,
#66,8e-43,e,NO,M,,--->,NO-,M,,,
#67,1e-17,e,NO2,,,--->,O-,NO,,,
#68,1.5e-42,e,NO2,M,,--->,NO2-,M,,,
#69,1e-42,e,NO3,M,,--->,NO3-,M,,,
#70,1.23252e-16,e,H2O,,,--->,H-,OH,,,
#71,2.11102e-17,e,H2O,,,--->,O-,H2,,,
#72,5.22134e-18,e,H2O,,,--->,OH-,H,,,
#73,5e-14,e,HNO3,,,--->,NO2-,OH,,,
#74,2.6e-16,O-,N,,,--->,NO,e,,,
#75,1e-18,O-,N2,,,--->,N2O,e,,,
#76,2.2e-15,O-,N2(A_3_Sigma),,,--->,N2,O,e,,
#77,1.9e-15,O-,N2(B_3_Pi),,,--->,N2,O,e,,
#78,1.4e-16,O-,O,,,--->,O2,e,,,
#79,1e-18,O-,O2,,,--->,O3,e,,,
#80,3e-16,O-,O2(a_1_Delta),,,--->,O3,e,,,
#81,3e-16,O-,O3,,,--->,O2,O2,e,,
#82,2.6e-16,O-,NO,,,--->,NO2,e,,,
#83,7e-16,O-,H2,,,--->,H2O,e,,,
#84,5e-16,O2-,N,,,--->,NO2,e,,,
#85,1.01171e-25,O2-,N2,,,--->,N2,O2,e,,
#86,2.1e-15,O2-,N2(A_3_Sigma),,,--->,N2,O2,e,,
#87,2.5e-15,O2-,N2(B_3_Pi),,,--->,N2,O2,e,,
#88,1.5e-16,O2-,O,,,--->,O3,e,,,
#89,1.91976e-24,O2-,O2,,,--->,O2,O2,e,,
#90,6e-16,O2-,O3,,,--->,O3,O2,e,,
#91,2e-16,O2-,O2(a_1_Delta),,,--->,O2,O2,e,,
#92,1.4e-15,O2-,H,,,--->,HO2,e,,,
#93,3e-16,O3-,O,,,--->,O2,O2,e,,
#94,2.3e-17,O3-,O2,,,--->,O3,O2,e,,
#95,3e-16,O3-,O3,,,--->,O2,O2,O2,e,
#96,2.4e-19,NO-,M,,,--->,NO,M,e,,
#97,5e-18,NO-,NO,,,--->,NO,NO,e,,
#98,5.1e-18,NO-,N2O,,,--->,NO,N2O,e,,
#99,2.3e-19,NO-,H2,,,--->,NO,H2,e,,
#100,1e-18,NO2-,O,,,--->,NO3,e,,,
#101,1e-18,NO2-,N,,,--->,N2,O2,e,,
#102,1e-18,NO3-,O,,,--->,NO2,O2,e,,
#103,1e-18,NO3-,N,,,--->,N2,O3,e,,
#104,1.2e-15,H-,O2,,,--->,HO2,e,,,
#105,1.8e-15,H-,H,,,--->,H2,e,,,
#106,2e-16,OH-,O,,,--->,HO2,e,,,
#107,1.8e-15,OH-,H,,,--->,H2O,e,,,
#108,1e-41,N+,N,M,,--->,N2+,M,,,
#109,4.6e-41,N+,N2,M,,--->,N3+,M,,,
#110,5.5e-16,N+,N2O,,,--->,NO+,N2,,,
#111,4.72e-16,N+,NO,,,--->,NO+,N,,,
#112,8.33e-17,N+,NO,,,--->,N2+,O,,,
#113,1e-18,N+,NO,,,--->,O+,N2,,,
#114,3e-16,N+,NO2,,,--->,NO2+,N,,,
#115,5e-16,N+,NO2,,,--->,NO+,NO,,,
#116,1e-18,N+,O,,,--->,O+,N,,,
#117,1e-41,N+,O,M,,--->,NO+,M,,,
#118,2.7e-16,N+,O2,,,--->,NO+,O,,,
#119,2.8e-17,N+,O2,,,--->,O+,NO,,,
#120,3e-16,N+,O2,,,--->,O2+,N,,,
#121,5e-16,N+,O3,,,--->,NO+,O2,,,
#122,3.4e-16,N+,OH,,,--->,OH+,N,,,
#123,3.4e-16,N+,OH,,,--->,NO+,H,,,
#124,1.19e-15,N+,H2O,,,--->,H2O+,N,,,
#125,2.1e-16,N+,H2O,,,--->,NO+,H2,,,
#126,1e-18,N2+,N,,,--->,N+,N2,,,
#127,1.00671e-41,N2+,N,M,,--->,N3+,M,,,
#128,1.00671e-41,N2+,N2,M,,--->,N4+,M,,,
#129,3e-16,N2+,N2(A_3_Sigma),,,--->,N3+,N,,,
#130,6e-16,N2+,N2O,,,--->,N2O+,N2,,,
#131,4e-16,N2+,N2O,,,--->,NO+,N,N2,,
#132,3.9e-16,N2+,NO,,,--->,NO+,N2,,,
#133,5e-17,N2+,NO2,,,--->,NO+,N2O,,,
#134,3e-16,N2+,NO2,,,--->,NO2+,N2,,,
#135,1.4e-16,N2+,O,,,--->,NO+,N,,,
#136,1.81208e-16,N2+,O,,,--->,NO+,N(2_D),,,
#137,1.00335e-17,N2+,O,,,--->,O+,N2,,,
#138,5e-17,N2+,O2,,,--->,O2+,N2,,,
#139,1e-16,N2+,O3,,,--->,O2+,O,N2,,
#140,2.3e-15,N2+,H2O,,,--->,H2O+,N2,,,
#141,6.6e-17,N3+,N,,,--->,N2+,N2,,,
#142,2.3e-17,N3+,O2,,,--->,O2+,N,N2,,
#143,2e-17,N3+,O2,,,--->,NO+,O,N2,,
#144,4.4e-17,N3+,O2,,,--->,NO2+,N2,,,
#145,7e-17,N3+,NO,,,--->,NO+,N2,N,,
#146,7e-17,N3+,NO,,,--->,N2O+,N2,,,
#147,5e-17,N3+,N2O,,,--->,NO+,N2,N2,,
#148,7e-17,N3+,NO2,,,--->,NO+,NO,N2,,
#149,7e-17,N3+,NO2,,,--->,NO2+,N,N2,,
#150,2.46493e-15,N4+,N2,,,--->,N2+,N2,N2,,
#151,3e-16,N4+,N2O,,,--->,N2O+,N2,N2,,
#152,1e-17,N4+,N,,,--->,N+,N2,N2,,
#153,3.9e-16,N4+,NO,,,--->,NO+,N2,N2,,
#154,2.5e-16,N4+,NO2,,,--->,NO2+,N2,N2,,
#155,5e-17,N4+,NO2,,,--->,NO+,N2O,N2,,
#156,2.5e-16,N4+,O,,,--->,O+,N2,N2,,
#157,2.4e-16,N4+,O2,,,--->,O2+,N2,N2,,
#158,7.14276e-19,N4+,H2,,,--->,H2+,N2,N2,,
#159,3e-15,N4+,H2O,,,--->,H2O+,N2,N2,,
#160,1e-41,O+,N,M,,--->,NO+,M,,,
#161,6.08081e-41,O+,N2,M,,--->,NO+,N,M,,
#162,1e-41,O+,O,M,,--->,O2+,M,,,
#163,2.10704e-17,O+,O2,,,--->,O2+,O,,,
#164,1e-16,O+,O3,,,--->,O2+,O2,,,
#165,1.3e-16,O+,N(2_D),,,--->,N+,O,,,
#166,1e-18,O+,NO,,,--->,NO+,O,,,
#167,3e-18,O+,NO,,,--->,O2+,N,,,
#168,6.3e-16,O+,N2O,,,--->,N2O+,O,,,
#169,2.3e-16,O+,N2O,,,--->,NO+,NO,,,
#170,2e-17,O+,N2O,,,--->,O2+,N2,,,
#171,5e-16,O+,NO2,,,--->,NO+,O2,,,
#172,1.6e-15,O+,NO2,,,--->,NO2+,O,,,
#173,6.8e-16,O+,H,,,--->,H+,O,,,
#174,1.7e-15,O+,H2,,,--->,OH+,H,,,
#175,3.3e-16,O+,OH,,,--->,OH+,O,,,
#176,3.6e-16,O+,OH,,,--->,O2+,H,,,
#177,3.2e-15,O+,H2O,,,--->,H2O+,O,,,
#178,5.60023e-43,O2+,O2,M,,--->,O4+,M,,,
#179,1.5e-16,O2+,N,,,--->,NO+,O,,,
#180,1e-23,O2+,N2,,,--->,NO+,NO,,,
#181,8.8e-16,O2+,N2O5,,,--->,NO2+,NO3,O2,,
#182,4.6e-16,O2+,NO,,,--->,NO+,O2,,,
#183,6.6e-16,O2+,NO2,,,--->,NO2+,O2,,,
#184,1e-17,O2+,NO2,,,--->,NO+,O3,,,
#185,3e-16,O4+,O,,,--->,O2+,O3,,,
#186,1.58341e-19,O4+,O2,,,--->,O2+,O2,O2,,
#187,6.8e-16,O4+,NO,,,--->,NO+,O2,O2,,
#188,3e-16,O4+,NO2,,,--->,NO2+,O2,O2,,
#189,1.10738e-42,O-,O2,M,,--->,O3-,M,,,
#190,1e-16,O-,O2(a_1_Delta),,,--->,O2-,O,,,
#191,8e-16,O-,O3,,,--->,O3-,O,,,
#192,2e-16,O-,N2O,,,--->,NO-,NO,,,
#193,2e-18,O-,N2O,,,--->,N2O-,O,,,
#194,1e-41,O-,NO,M,,--->,NO2-,M,,,
#195,1.2e-15,O-,NO2,,,--->,NO2-,O,,,
#196,3e-16,O-,NO3,,,--->,NO3-,O,,,
#197,3.3e-17,O-,H2,,,--->,OH-,H,,,
#198,1.4e-15,O-,H2O,,,--->,OH-,OH,,,
#199,3.3e-16,O2-,O,,,--->,O-,O2,,,
#200,3.52349e-43,O2-,O2,M,,--->,O4-,M,,,
#201,3.5e-16,O2-,O3,,,--->,O3-,O2,,,
#202,1e-17,O2-,N2O,,,--->,O3-,N2,,,
#203,7e-16,O2-,NO2,,,--->,NO2-,O2,,,
#204,5e-16,O2-,NO3,,,--->,NO3-,O2,,,
#205,2.8e-16,O2-,HNO3,,,--->,NO3-,HO2,,,
#206,1e-17,O3-,O,,,--->,O2-,O2,,,
#207,1e-17,O3-,NO,,,--->,NO2-,O2,,,
#208,1e-17,O3-,NO,,,--->,NO3-,O,,,
#209,2e-17,O3-,NO2,,,--->,NO3-,O2,,,
#210,7e-17,O3-,NO2,,,--->,NO2-,O3,,,
#211,5e-16,O3-,NO3,,,--->,NO3-,O3,,,
#212,8.4e-16,O3-,H,,,--->,OH-,O2,,,
#213,2.5e-16,O4-,NO,,,--->,NO3-,O2,,,
#214,3e-16,O4-,O,,,--->,O-,O2,O2,,
#215,4e-16,O4-,O,,,--->,O3-,O2,,,
#216,3.00962e-18,O4-,N2,,,--->,O2-,O2,N2,,
#217,2.3e-16,N2O+,NO,,,--->,NO+,N2O,,,
#218,1.2e-17,N2O+,N2O,,,--->,NO+,NO,N2,,
#219,4.29e-16,N2O+,NO2,,,--->,NO+,N2,O2,,
#220,2.21e-16,N2O+,NO2,,,--->,NO2+,N2O,,,
#221,4.59e-17,N2O+,O2,,,--->,NO+,NO2,,,
#222,2.24e-16,N2O+,O2,,,--->,O2+,N2O,,,
#223,5.9e-16,NO+,N2O5,,,--->,NO2+,NO2,NO2,,
#224,1e-21,NO+,O3,,,--->,NO2+,O2,,,
#225,1.00671e-41,NO+,N,M,,--->,N2O+,M,,,
#226,2.8e-20,NO-,N2O,,,--->,NO2-,N2,,,
#227,3e-16,NO-,NO2,,,--->,NO2-,NO,,,
#228,3e-16,NO-,NO3,,,--->,NO3-,NO,,,
#229,5e-16,NO-,O2,,,--->,O2-,NO,,,
#230,3e-16,NO-,O3,,,--->,O3-,NO,,,
#231,3e-16,NO-,O,,,--->,O-,NO,,,
#232,2.75e-16,NO2+,NO,,,--->,NO+,NO2,,,
#233,7e-16,NO2-,N2O5,,,--->,NO3-,NO3,NO,,
#234,2.75e-16,NO2-,NO,,,--->,NO-,NO2,,,
#235,4e-18,NO2-,NO2,,,--->,NO3-,NO,,,
#236,5e-16,NO2-,NO3,,,--->,NO3-,NO2,,,
#237,1.8e-17,NO2-,O3,,,--->,NO3-,O2,,,
#238,4e-16,NO2-,H,,,--->,OH-,NO,,,
#239,5e-19,NO2-,N2O,,,--->,NO3-,N2,,,
#240,1.6e-15,NO2-,HNO3,,,--->,NO3-,HNO2,,,
#241,3e-21,NO3-,NO,,,--->,NO2-,NO2,,,
#242,3.8e-16,H+,O,,,--->,O+,H,,,
#243,1.17e-15,H+,O2,,,--->,O2+,H,,,
#244,1.9e-15,H+,NO,,,--->,NO+,H,,,
#245,3.1e-41,H+,H2,M,,--->,H3+,M,,,
#246,8.2e-15,H+,H2O,,,--->,H2O+,H,,,
#247,1.1e-15,H-,N2O,,,--->,OH-,N2,,,
#248,2.9e-15,H-,NO2,,,--->,NO2-,H,,,
#249,3.8e-15,H-,H2O,,,--->,OH-,H2,,,
#250,7.83e-16,H2+,O2,,,--->,O2+,H2,,,
#251,6.4e-16,H2+,H,,,--->,H+,H2,,,
#252,2e-15,H2+,H2,,,--->,H3+,H,,,
#253,3.43e-15,H2+,H2O,,,--->,H3O+,H,,,
#254,3.86e-15,H2+,H2O,,,--->,H2O+,H2,,,
#255,8e-16,H3+,O,,,--->,OH+,H2,,,
#256,3e-15,H3+,H2O,,,--->,H3O+,H2,,,
#257,7e-16,H3+,NO2,,,--->,NO+,OH,H2,,
#258,5.9e-16,OH+,O2,,,--->,O2+,OH,,,
#259,5.2e-16,OH+,NO,,,--->,NO+,OH,,,
#260,1.3e-15,OH+,NO2,,,--->,NO+,HO2,,,
#261,2.13e-16,OH+,N2O,,,--->,N2O+,OH,,,
#262,9.7e-16,OH+,H2,,,--->,H2O+,H,,,
#263,7e-16,OH+,OH,,,--->,H2O+,O,,,
#264,1.59e-15,OH+,H2O,,,--->,H2O+,OH,,,
#265,1.3e-15,OH+,H2O,,,--->,H3O+,O,,,
#266,9e-16,OH-,O3,,,--->,O3-,OH,,,
#267,1.9e-15,OH-,NO2,,,--->,NO2-,OH,,,
#268,1.9e-16,H2O+,N,,,--->,NO+,H2,,,
#269,5.5e-17,H2O+,O,,,--->,O2+,H2,,,
#270,4.3e-16,H2O+,O2,,,--->,O2+,H2O,,,
#271,4.6e-16,H2O+,NO,,,--->,NO+,H2O,,,
#272,1.2e-15,H2O+,NO2,,,--->,NO2+,H2O,,,
#273,7.6e-16,H2O+,H2,,,--->,H3O+,H,,,
#274,1.7e-15,H2O+,H2O,,,--->,H3O+,OH,,,
#275,1.5e-18,H3O+,NO,,,--->,NO+,H,H2O,,
#276,5.5e-16,H3O+,N2O5,,,--->,NO2+,HNO3,H2O,,
#277,2.0067e-13,O+,O-,,,--->,O,O,,,
#278,2.0067e-13,O+,O2-,,,--->,O2,O,,,
#279,2.0067e-13,O+,O3-,,,--->,O3,O,,,
#280,1e-13,O+,O4-,,,--->,O2,O2,O,,
#281,2.0067e-13,O+,N2O-,,,--->,N2O,O,,,
#282,2.0067e-13,O+,NO-,,,--->,NO,O,,,
#283,2.0067e-13,O+,NO2-,,,--->,NO2,O,,,
#284,2.0067e-13,O+,NO3-,,,--->,NO3,O,,,
#285,2.0067e-13,O+,H-,,,--->,O,H,,,
#286,2.0067e-13,O+,OH-,,,--->,O,OH,,,
#287,1e-13,O2+,O-,,,--->,O,O,O,,
#288,2.0067e-13,O2+,O-,,,--->,O,O2,,,
#289,2.0067e-13,O2+,O2-,,,--->,O2,O2,,,
#290,1e-13,O2+,O2-,,,--->,O2,O,O,,
#291,2.0067e-13,O2+,O3-,,,--->,O3,O2,,,
#292,1e-13,O2+,O3-,,,--->,O3,O,O,,
#293,1e-13,O2+,O4-,,,--->,O2,O2,O2,,
#294,2.0067e-13,O2+,N2O-,,,--->,N2O,O2,,,
#295,1e-13,O2+,N2O-,,,--->,N2O,O,O,,
#296,2.0067e-13,O2+,NO-,,,--->,NO,O2,,,
#297,1e-13,O2+,NO-,,,--->,NO,O,O,,
#298,2.0067e-13,O2+,NO2-,,,--->,NO2,O2,,,
#299,1e-13,O2+,NO2-,,,--->,NO2,O,O,,
#300,2.0067e-13,O2+,NO3-,,,--->,NO3,O2,,,
#301,1e-13,O2+,NO3-,,,--->,NO3,O,O,,
#302,2.0067e-13,O2+,H-,,,--->,H,O2,,,
#303,1e-13,O2+,H-,,,--->,H,O,O,,
#304,2.0067e-13,O2+,OH-,,,--->,OH,O2,,,
#305,1e-13,O2+,OH-,,,--->,OH,O,O,,
#306,1e-13,O4+,O-,,,--->,O,O2,O2,,
#307,1e-13,O4+,O2-,,,--->,O2,O2,O2,,
#308,1e-13,O4+,O3-,,,--->,O3,O2,O2,,
#309,1e-13,O4+,O4-,,,--->,O2,O2,O2,O2,
#310,1e-13,O4+,N2O-,,,--->,N2O,O2,O2,,
#311,1e-13,O4+,NO-,,,--->,NO,O2,O2,,
#312,1e-13,O4+,NO2-,,,--->,NO2,O2,O2,,
#313,1e-13,O4+,NO3-,,,--->,NO3,O2,O2,,
#314,1e-13,O4+,H-,,,--->,H,O2,O2,,
#315,1e-13,O4+,OH-,,,--->,OH,O2,O2,,
#316,2.0067e-13,N+,N2O-,,,--->,N2O,N,,,
#317,2.0067e-13,N+,NO-,,,--->,NO,N,,,
#318,2.0067e-13,N+,NO2-,,,--->,NO2,N,,,
#319,2.0067e-13,N+,NO3-,,,--->,NO3,N,,,
#320,2.0067e-13,N+,O-,,,--->,O,N,,,
#321,2.0067e-13,N+,O2-,,,--->,O2,N,,,
#322,2.0067e-13,N+,O3-,,,--->,O3,N,,,
#323,1e-13,N+,O4-,,,--->,O2,O2,N,,
#324,2.0067e-13,N+,H-,,,--->,N,H,,,
#325,2.0067e-13,N+,OH-,,,--->,N,OH,,,
#326,2.0067e-13,N2+,N2O-,,,--->,N2O,N2,,,
#327,1e-13,N2+,N2O-,,,--->,N2O,N,N,,
#328,2.0067e-13,N2+,NO-,,,--->,NO,N2,,,
#329,1e-13,N2+,NO-,,,--->,NO,N,N,,
#330,2.0067e-13,N2+,NO2-,,,--->,NO2,N2,,,
#331,1e-13,N2+,NO2-,,,--->,NO2,N,N,,
#332,2.0067e-13,N2+,NO3-,,,--->,NO3,N2,,,
#333,1e-13,N2+,NO3-,,,--->,NO3,N,N,,
#334,1e-13,N2+,O-,,,--->,O,N,N,,
#335,2.0067e-13,N2+,O-,,,--->,O,N2,,,
#336,1e-13,N2+,O2-,,,--->,O2,N,N,,
#337,2.0067e-13,N2+,O2-,,,--->,O2,N2,,,
#338,1e-13,N2+,O3-,,,--->,O3,N,N,,
#339,2.0067e-13,N2+,O3-,,,--->,O3,N2,,,
#340,1e-13,N2+,O4-,,,--->,O2,O2,N2,,
#341,2.0067e-13,N2+,H-,,,--->,H,N2,,,
#342,1e-13,N2+,H-,,,--->,H,N,N,,
#343,2.0067e-13,N2+,OH-,,,--->,OH,N2,,,
#344,1e-13,N2+,OH-,,,--->,OH,N,N,,
#345,2.0067e-13,N2O+,N2O-,,,--->,N2O,N2O,,,
#346,1e-13,N2O+,N2O-,,,--->,N2O,N2,O,,
#347,2.0067e-13,N2O+,NO-,,,--->,NO,N2O,,,
#348,1e-13,N2O+,NO-,,,--->,NO,N2,O,,
#349,2.0067e-13,N2O+,NO2-,,,--->,NO2,N2O,,,
#350,1e-13,N2O+,NO2-,,,--->,NO2,N2,O,,
#351,2.0067e-13,N2O+,NO3-,,,--->,NO3,N2O,,,
#352,1e-13,N2O+,NO3-,,,--->,NO3,N2,O,,
#353,2.0067e-13,N2O+,O-,,,--->,O,N2O,,,
#354,1e-13,N2O+,O-,,,--->,O,N2,O,,
#355,2.0067e-13,N2O+,O2-,,,--->,O2,N2O,,,
#356,1e-13,N2O+,O2-,,,--->,O2,N2,O,,
#357,2.0067e-13,N2O+,O3-,,,--->,O3,N2O,,,
#358,1e-13,N2O+,O3-,,,--->,O3,N2,O,,
#359,1e-13,N2O+,O4-,,,--->,O2,O2,N2O,,
#360,2.0067e-13,N2O+,H-,,,--->,H,N2O,,,
#361,1e-13,N2O+,H-,,,--->,H,N2,O,,
#362,2.0067e-13,N2O+,OH-,,,--->,OH,N2O,,,
#363,1e-13,N2O+,OH-,,,--->,OH,N2,O,,
#364,1e-13,N3+,N2O-,,,--->,N2O,N2,N,,
#365,1e-13,N3+,NO-,,,--->,NO,N2,N,,
#366,1e-13,N3+,NO2-,,,--->,NO2,N2,N,,
#367,1e-13,N3+,NO3-,,,--->,NO3,N2,N,,
#368,1e-13,N3+,O-,,,--->,O,N2,N,,
#369,1e-13,N3+,O2-,,,--->,O2,N2,N,,
#370,1e-13,N3+,O3-,,,--->,O3,N2,N,,
#371,1e-13,N3+,O4-,,,--->,O2,O2,N,N2,
#372,1e-13,N3+,H-,,,--->,H,N2,N,,
#373,1e-13,N3+,OH-,,,--->,OH,N2,N,,
#374,1e-13,N4+,N2O-,,,--->,N2O,N2,N2,,
#375,1e-13,N4+,NO-,,,--->,NO,N2,N2,,
#376,1e-13,N4+,NO2-,,,--->,NO2,N2,N2,,
#377,1e-13,N4+,NO3-,,,--->,NO3,N2,N2,,
#378,1e-13,N4+,O-,,,--->,O,N2,N2,,
#379,1e-13,N4+,O2-,,,--->,O2,N2,N2,,
#380,1e-13,N4+,O3-,,,--->,O3,N2,N2,,
#381,1e-13,N4+,O4-,,,--->,O2,O2,N2,N2,
#382,1e-13,N4+,H-,,,--->,H,N2,N2,,
#383,1e-13,N4+,OH-,,,--->,OH,N2,N2,,
#384,2.0067e-13,NO+,N2O-,,,--->,N2O,NO,,,
#385,1e-13,NO+,N2O-,,,--->,N2O,N,O,,
#386,2.0067e-13,NO+,NO-,,,--->,NO,NO,,,
#387,1e-13,NO+,NO-,,,--->,NO,N,O,,
#388,2.0067e-13,NO+,NO2-,,,--->,NO2,NO,,,
#389,1e-13,NO+,NO2-,,,--->,NO2,N,O,,
#390,2.0067e-13,NO+,NO3-,,,--->,NO3,NO,,,
#391,1e-13,NO+,NO3-,,,--->,NO3,N,O,,
#392,1e-13,NO+,O-,,,--->,O,N,O,,
#393,2.0067e-13,NO+,O-,,,--->,O,NO,,,
#394,1e-13,NO+,O2-,,,--->,O2,N,O,,
#395,2.0067e-13,NO+,O2-,,,--->,O2,NO,,,
#396,1e-13,NO+,O3-,,,--->,O3,N,O,,
#397,2.0067e-13,NO+,O3-,,,--->,O3,NO,,,
#398,1e-13,NO+,O4-,,,--->,O2,O2,NO,,
#399,2.0067e-13,NO+,H-,,,--->,H,NO,,,
#400,1e-13,NO+,H-,,,--->,H,N,O,,
#401,2.0067e-13,NO+,OH-,,,--->,OH,NO,,,
#402,1e-13,NO+,OH-,,,--->,OH,N,O,,
#403,2.0067e-13,NO2+,N2O-,,,--->,N2O,NO2,,,
#404,1e-13,NO2+,N2O-,,,--->,N2O,N,O2,,
#405,2.0067e-13,NO2+,NO-,,,--->,NO,NO2,,,
#406,1e-13,NO2+,NO-,,,--->,NO,N,O2,,
#407,2.0067e-13,NO2+,NO2-,,,--->,NO2,NO2,,,
#408,1e-13,NO2+,NO2-,,,--->,NO2,N,O2,,
#409,2.0067e-13,NO2+,NO3-,,,--->,NO3,NO2,,,
#410,1e-13,NO2+,NO3-,,,--->,NO3,N,O2,,
#411,2.0067e-13,NO2+,O-,,,--->,O,NO2,,,
#412,1e-13,NO2+,O-,,,--->,O,N,O2,,
#413,2.0067e-13,NO2+,O2-,,,--->,O2,NO2,,,
#414,1e-13,NO2+,O2-,,,--->,O2,N,O2,,
#415,2.0067e-13,NO2+,O3-,,,--->,O3,NO2,,,
#416,1e-13,NO2+,O3-,,,--->,O3,N,O2,,
#417,1e-13,NO2+,O4-,,,--->,O2,O2,NO2,,
#418,2.0067e-13,NO2+,H-,,,--->,H,NO2,,,
#419,1e-13,NO2+,H-,,,--->,H,N,O2,,
#420,2.0067e-13,NO2+,OH-,,,--->,OH,NO2,,,
#421,1e-13,NO2+,OH-,,,--->,OH,N,O2,,
#422,2.0067e-13,H+,N2O-,,,--->,N2O,H,,,
#423,2.0067e-13,H+,NO-,,,--->,NO,H,,,
#424,2.0067e-13,H+,NO2-,,,--->,NO2,H,,,
#425,2.0067e-13,H+,NO3-,,,--->,NO3,H,,,
#426,2.0067e-13,H+,O-,,,--->,O,H,,,
#427,2.0067e-13,H+,O2-,,,--->,O2,H,,,
#428,2.0067e-13,H+,O3-,,,--->,O3,H,,,
#429,1e-13,H+,O4-,,,--->,O2,O2,H,,
#430,2.0067e-13,H+,H-,,,--->,H,H,,,
#431,2.0067e-13,H+,OH-,,,--->,OH,H,,,
#432,2.0067e-13,H2+,N2O-,,,--->,N2O,H2,,,
#433,1e-13,H2+,N2O-,,,--->,N2O,H,H,,
#434,2.0067e-13,H2+,NO-,,,--->,NO,H2,,,
#435,1e-13,H2+,NO-,,,--->,NO,H,H,,
#436,2.0067e-13,H2+,NO2-,,,--->,NO2,H2,,,
#437,1e-13,H2+,NO2-,,,--->,NO2,H,H,,
#438,2.0067e-13,H2+,NO3-,,,--->,NO3,H2,,,
#439,1e-13,H2+,NO3-,,,--->,NO3,H,H,,
#440,1e-13,H2+,O-,,,--->,O,H,H,,
#441,2.0067e-13,H2+,O-,,,--->,O,H2,,,
#442,1e-13,H2+,O2-,,,--->,O2,H,H,,
#443,2.0067e-13,H2+,O2-,,,--->,O2,H2,,,
#444,1e-13,H2+,O3-,,,--->,O3,H,H,,
#445,2.0067e-13,H2+,O3-,,,--->,O3,H2,,,
#446,1e-13,H2+,O4-,,,--->,O2,O2,H2,,
#447,2.0067e-13,H2+,H-,,,--->,H,H2,,,
#448,1e-13,H2+,H-,,,--->,H,H,H,,
#449,2.0067e-13,H2+,OH-,,,--->,OH,H2,,,
#450,1e-13,H2+,OH-,,,--->,OH,H,H,,
#451,1e-13,H3+,N2O-,,,--->,N2O,H,H2,,
#452,1e-13,H3+,NO-,,,--->,NO,H,H2,,
#453,1e-13,H3+,NO2-,,,--->,NO2,H,H2,,
#454,1e-13,H3+,NO3-,,,--->,NO3,H,H2,,
#455,1e-13,H3+,O-,,,--->,O,H,H2,,
#456,1e-13,H3+,O2-,,,--->,O2,H,H2,,
#457,1e-13,H3+,O3-,,,--->,O3,H,H2,,
#458,1e-13,H3+,O4-,,,--->,O2,O2,H,H2,
#459,1e-13,H3+,H-,,,--->,H,H,H2,,
#460,1e-13,H3+,OH-,,,--->,OH,H,H2,,
#461,2.0067e-13,OH+,N2O-,,,--->,N2O,OH,,,
#462,1e-13,OH+,N2O-,,,--->,N2O,O,H,,
#463,2.0067e-13,OH+,NO-,,,--->,NO,OH,,,
#464,1e-13,OH+,NO-,,,--->,NO,O,H,,
#465,2.0067e-13,OH+,NO2-,,,--->,NO2,OH,,,
#466,1e-13,OH+,NO2-,,,--->,NO2,O,H,,
#467,2.0067e-13,OH+,NO3-,,,--->,NO3,OH,,,
#468,1e-13,OH+,NO3-,,,--->,NO3,O,H,,
#469,1e-13,OH+,O-,,,--->,O,O,H,,
#470,2.0067e-13,OH+,O-,,,--->,O,OH,,,
#471,1e-13,OH+,O2-,,,--->,O2,O,H,,
#472,2.0067e-13,OH+,O2-,,,--->,O2,OH,,,
#473,1e-13,OH+,O3-,,,--->,O3,O,H,,
#474,2.0067e-13,OH+,O3-,,,--->,O3,OH,,,
#475,1e-13,OH+,O4-,,,--->,O2,O2,OH,,
#476,2.0067e-13,OH+,H-,,,--->,H,OH,,,
#477,1e-13,OH+,H-,,,--->,H,O,H,,
#478,2.0067e-13,OH+,OH-,,,--->,OH,OH,,,
#479,1e-13,OH+,OH-,,,--->,OH,O,H,,
#480,2.0067e-13,H2O+,N2O-,,,--->,N2O,H2O,,,
#481,1e-13,H2O+,N2O-,,,--->,N2O,OH,H,,
#482,2.0067e-13,H2O+,NO-,,,--->,NO,H2O,,,
#483,1e-13,H2O+,NO-,,,--->,NO,OH,H,,
#484,2.0067e-13,H2O+,NO2-,,,--->,NO2,H2O,,,
#485,1e-13,H2O+,NO2-,,,--->,NO2,OH,H,,
#486,2.0067e-13,H2O+,NO3-,,,--->,NO3,H2O,,,
#487,1e-13,H2O+,NO3-,,,--->,NO3,OH,H,,
#488,1e-13,H2O+,O-,,,--->,O,OH,H,,
#489,2.0067e-13,H2O+,O-,,,--->,O,H2O,,,
#490,1e-13,H2O+,O2-,,,--->,O2,OH,H,,
#491,2.0067e-13,H2O+,O2-,,,--->,O2,H2O,,,
#492,1e-13,H2O+,O3-,,,--->,O3,OH,H,,
#493,2.0067e-13,H2O+,O3-,,,--->,O3,H2O,,,
#494,1e-13,H2O+,O4-,,,--->,O2,O2,H2O,,
#495,2.0067e-13,H2O+,H-,,,--->,H,H2O,,,
#496,1e-13,H2O+,H-,,,--->,H,OH,H,,
#497,2.0067e-13,H2O+,OH-,,,--->,OH,H2O,,,
#498,1e-13,H2O+,OH-,,,--->,OH,OH,H,,
#499,1e-13,H3O+,N2O-,,,--->,N2O,H2O,H,,
#500,1e-13,H3O+,NO-,,,--->,NO,H2O,H,,
#501,1e-13,H3O+,NO2-,,,--->,NO2,H2O,H,,
#502,1e-13,H3O+,NO3-,,,--->,NO3,H2O,H,,
#503,1e-13,H3O+,O-,,,--->,O,H2O,H,,
#504,1e-13,H3O+,O2-,,,--->,O2,H2O,H,,
#505,1e-13,H3O+,O3-,,,--->,O3,H2O,H,,
#506,1e-13,H3O+,O4-,,,--->,O2,O2,H2O,H,
#507,1e-13,H3O+,H-,,,--->,H,H2O,H,,
#508,1e-13,H3O+,OH-,,,--->,OH,H2O,H,,
#509,4.44386e-45,N,N,M,,--->,N2,M,,,
#510,2.93735e-17,N,NO,,,--->,N2,O,,,
#511,1.21352e-17,N,NO2,,,--->,N2O,O,,,
#512,9.1e-19,N,NO2,,,--->,N2,O,O,,
#513,6e-19,N,NO2,,,--->,NO,NO,,,
#514,7e-19,N,NO2,,,--->,N2,O2,,,
#515,1.00779e-44,N,O,M,,--->,NO,M,,,
#516,8.50317e-23,N,O2,,,--->,NO,O,,,
#517,5e-22,N,O3,,,--->,NO,O2,,,
#518,7.5e-17,N,OH,,,--->,H,NO,,,
#519,5.93041e-19,N,HO2,,,--->,NO,OH,,,
#520,2.17791e-20,N(2_D),N2,,,--->,N,N2,,,
#521,2.2151e-18,N(2_D),N2O,,,--->,N2,NO,,,
#522,6e-17,N(2_D),NO,,,--->,N2O,,,,
#523,4.5e-17,N(2_D),NO,,,--->,O,N2,,,
#524,7e-19,N(2_D),O,,,--->,N,O,,,
#525,1.49499e-18,N(2_D),O2,,,--->,NO,O,,,
#526,5.97997e-18,N(2_D),O2,,,--->,NO,O(1_D),,,
#527,2.2e-20,N2(A_3_Sigma),N2,,,--->,N2,N2,,,
#528,4e-16,N2(A_3_Sigma),N2(A_3_Sigma),,,--->,N2(B_3_Pi),N2,,,
#529,8e-17,N2(A_3_Sigma),N2O,,,--->,O,N2,N2,,
#530,8e-17,N2(A_3_Sigma),N2O,,,--->,NO,N,N2,,
#531,1.3e-17,N2(A_3_Sigma),NO2,,,--->,N2,NO,O,,
#532,2.47129e-18,N2(A_3_Sigma),O2,,,--->,N2,O,O,,
#533,1e-18,N2(A_3_Sigma),O2,,,--->,O2(a_1_Delta),N2,,,
#534,5e-17,N2(A_3_Sigma),N,,,--->,N,N2,,,
#535,7e-18,N2(A_3_Sigma),O,,,--->,NO,N(2_D),,,
#536,2.3e-17,N2(A_3_Sigma),O,,,--->,O(1_D),N2,,,
#537,5e-20,N2(A_3_Sigma),H2O,,,--->,H,OH,N2,,
#538,5e-17,N2(B_3_Pi),N2,,,--->,N2(A_3_Sigma),N2,,,
#539,125000,N2(B_3_Pi),,,,--->,N2(A_3_Sigma),,,,
#540,2.4e-16,N2(B_3_Pi),NO,,,--->,N2(A_3_Sigma),NO,,,
#541,3e-16,N2(B_3_Pi),O2,,,--->,N2,O,O,,
#542,2.5e-17,N2(B_3_Pi),H2,,,--->,N2(A_3_Sigma),H2,,,
#543,6.55809e-46,O,O,M,,--->,O2,M,,,
#544,3.4274e-46,O,O2,M,,--->,O3,M,,,
#545,7.96013e-21,O,O3,,,--->,O2,O2,,,
#546,1.01076e-43,O,NO,M,,--->,NO2,M,,,
#547,9.72293e-18,O,NO2,,,--->,NO,O2,,,
#548,9.12121e-44,O,NO2,M,,--->,NO3,M,,,
#549,1.7e-17,O,NO3,,,--->,O2,NO2,,,
#550,1.62e-44,O,H,M,,--->,OH,M,,,
#551,6.79744e-18,O,OH,,,--->,H,O2,,,
#552,1.65688e-21,O,H2O2,,,--->,OH,HO2,,,
#553,1.55023e-17,O,HO2,,,--->,OH,O2,,,
#554,5.99e-17,O,HNO,,,--->,OH,NO,,,
#555,8.49059e-22,O,HNO2,,,--->,NO2,OH,,,
#556,8.01352e-18,O(1_D),O2,,,--->,O,O2,,,
#557,8e-18,O(1_D),O,,,--->,O,O,,,
#558,1e-17,O(1_D),O2(a_1_Delta),,,--->,O,O2,,,
#559,1e-18,O(1_D),O2,,,--->,O,O2(a_1_Delta),,,
#560,1.2e-16,O(1_D),O3,,,--->,O,O,O2,,
#561,1.2e-16,O(1_D),O3,,,--->,O2,O2,,,
#562,2.57757e-17,O(1_D),N2,,,--->,O,N2,,,
#563,9e-49,O(1_D),N2,M,,--->,N2O,M,,,
#564,4.4e-17,O(1_D),N2O,,,--->,N2,O2,,,
#565,7.2e-17,O(1_D),N2O,,,--->,NO,NO,,,
#566,4e-17,O(1_D),NO,,,--->,O,NO,,,
#567,1.4e-16,O(1_D),NO2,,,--->,NO,O2,,,
#568,1.1e-16,O(1_D),H2,,,--->,OH,H,,,
#569,2.2e-16,O(1_D),H2O,,,--->,OH,OH,,,
#570,1.90996e-24,O2(a_1_Delta),O2,,,--->,O2,O2,,,
#571,3.7765e-21,O2(a_1_Delta),O3,,,--->,O,O2,O2,,
#572,8e-27,O2(a_1_Delta),M,,,--->,O2,M,,,
#573,2.5e-17,O2(a_1_Delta),NO,,,--->,O2,NO,,,
#574,1.5e-24,O2(a_1_Delta),N2,,,--->,O2,N2,,,
#575,1.81419e-20,O3,NO,,,--->,NO2,O2,,,
#576,3.51916e-23,O3,NO2,,,--->,NO3,O2,,,
#577,9.53534e-33,O3,M,,,--->,O,O2,M,,
#578,2.78599e-17,O3,H,,,--->,OH,O2,,,
#579,5.58156e-20,O3,OH,,,--->,HO2,O2,,,
#580,1.86943e-21,O3,HO2,,,--->,OH,O2,O2,,
#581,3.25332e-46,NO,NO2,M,,--->,N2O3,M,,,
#582,2.60365e-17,NO,NO3,,,--->,NO2,NO2,,,
#583,7.51976e-43,NO,OH,M,,--->,HNO2,M,,,
#584,2.73659e-44,NO,H,M,,--->,HNO,M,,,
#585,8.41332e-18,NO,HO2,,,--->,OH,NO2,,,
#586,1.1512e-20,NO,HO2,,,--->,O2,HNO,,,
#587,1.20012e-45,NO2,NO2,M,,--->,N2O4,M,,,
#588,2.86633e-42,NO2,NO3,M,,--->,N2O5,M,,,
#589,1.07138e-21,NO2,NO3,,,--->,NO2,NO,O2,,
#590,1.47e-16,NO2,H,,,--->,OH,NO,,,
#591,2.24309e-42,NO2,OH,M,,--->,HNO3,M,,,
#592,2.12265e-22,NO3,NO3,,,--->,NO2,NO2,O2,,
#593,4.68171e-17,NO3,H,,,--->,OH,NO2,,,
#594,2e-17,NO3,OH,,,--->,HO2,NO2,,,
#595,4.8e-18,NO3,HO2,,,--->,NO2,OH,O2,,
#596,9.2e-19,NO3,HO2,,,--->,HNO3,O2,,,
#597,1.52365e-20,N2O3,M,,,--->,NO,NO2,M,,
#598,6.61546e-21,N2O4,M,,,--->,NO2,NO2,M,,
#599,9.53154e-36,N2O5,M,,,--->,NO2,NO3,M,,
#600,5.46541e-44,H,O2,M,,--->,HO2,M,,,
#601,6.04027e-45,H,H,M,,--->,H2,M,,,
#602,6.86906e-43,H,OH,M,,--->,H2O,M,,,
#603,4.02375e-20,H,H2O2,,,--->,OH,H2O,,,
#604,4.76614e-21,H,H2O2,,,--->,HO2,H2,,,
#605,5.6e-18,H,HO2,,,--->,H2,O2,,,
#606,2.4e-18,H,HO2,,,--->,O,H2O,,,
#607,1.73282e-17,H,HO2,,,--->,OH,OH,,,
#608,5.60324e-18,H,HNO,,,--->,NO,H2,,,
#609,8.10556e-23,H,HNO2,,,--->,NO2,H2,,,
#610,3.44941e-25,H,HNO3,,,--->,NO2,H2O,,,
#611,5.2e-21,H2,OH,,,--->,H,H2O,,,
#612,1.62715e-18,OH,OH,,,--->,O,H2O,,,
#613,6.93702e-43,OH,OH,M,,--->,H2O2,M,,,
#614,1.11066e-16,OH,HO2,,,--->,O2,H2O,,,
#615,1.6952e-18,OH,H2O2,,,--->,HO2,H2O,,,
#616,1.4942e-17,OH,HNO,,,--->,NO,H2O,,,
#617,4.86296e-18,OH,HNO2,,,--->,NO2,H2O,,,
#618,1.32855e-19,OH,HNO3,,,--->,NO3,H2O,,,
#619,1.64756e-18,HO2,HO2,,,--->,H2O2,O2,,,
#620,3.3078e-20,HNO,O2,,,--->,NO,HO2,,,
#621,1.66e-21,HNO,O2,,,--->,NO2,OH,,,
#622,6.52147e-24,HNO,HNO,,,--->,N2O,H2O,,,
#623,1e-26,HNO2,HNO2,,,--->,NO,NO2,H2O,,
#624,1.6e-23,HNO2,HNO3,,,--->,NO2,NO2,H2O,,
#N+,N2+,N3+,N4+,O+,O2+,O4+,NO+,N2O+,NO2+,H+,H2+,H3+,OH+,H2O+,H3O+,e,O-,O2-,O3-,O4-,NO-,N2O-,NO2-,NO3-,H-,OH-,N(2_D),N2(A_3_Sigma),N2(B_3_Pi),O(1_D),H,N,O,O2(a_1_Delta),O3,NO,N2O,NO2,NO3,N2O3,N2O4,N2O5,H2,OH,HO2,H2O2,HNO,HNO2,HNO3,N2,O2,H2O,Time(s),StepNo
0,0,0,0,0,0,0,0,0,0,0,0,0,0,0,0,1000,0,0,0,0,0,0,0,0,0,0,0,0,0,0,0,0,0,0,0,0,0,0,0,0,0,0,0,0,0,0,0,0,0,1.92e+25,4.8e+24,0,0,0
0,0,0,0,0,0,0,0,0,0,0,0,0,0,0,0,997.438,0,0,0,0,0,0,0,0,0,0,0,0,0,0,0,0,0,0,0,0,0,0,0,0,0,0,0,0,0,0,0,0,0,1.92e+25,4.8e+24,0,5e-11,20000
0,0,0,0,0,0,0,0,0,0,0,0,0,0,0,0,994.882,0,0,0,0,0,0,0,0,0,0,0,0,0,0,0,0,0,0,0,0,0,0,0,0,0,0,0,0,0,0,0,0,0,1.92e+25,4.8e+24,0,1e-10,40000
0,0,0,0,0,0,0,0,0,0,0,0,0,0,0,0,992.33,0,0,0,0,0,0,0,0,0,0,0,0,0,0,0,0,0,0,0,0,0,0,0,0,0,0,0,0,0,0,0,0,0,1.92e+25,4.8e+24,0,1.5e-10,60000
0,0,0,0,0,0,0,0,0,0,0,0,0,0,0,0,989.784,0,0,0,0,0,0,0,0,0,0,0,0,0,0,0,0,0,0,0,0,0,0,0,0,0,0,0,0,0,0,0,0,0,1.92e+25,4.8e+24,0,2e-10,80000
0,0,0,0,0,0,0,0,0,0,0,0,0,0,0,0,987.242,0,0,0,0,0,0,0,0,0,0,0,0,0,0,0,0,0,0,0,0,0,0,0,0,0,0,0,0,0,0,0,0,0,1.92e+25,4.8e+24,0,2.5e-10,100000
0,0,0,0,0,0,0,0,0,0,0,0,0,0,0,0,984.703,0,0,0,0,0,0,0,0,0,0,0,0,0,0,0,0,0,0,0,0,0,0,0,0,0,0,0,0,0,0,0,0,0,1.92e+25,4.8e+24,0,3e-10,120000
0,0,0,0,0,0,0,0,0,0,0,0,0,0,0,0,982.168,0,0,0,0,0,0,0,0,0,0,0,0,0,0,0,0,0,0,0,0,0,0,0,0,0,0,0,0,0,0,0,0,0,1.92e+25,4.8e+24,0,3.5e-10,140000
0,0,0,0,0,0,0,0,0,0,0,0,0,0,0,0,979.634,0,0,0,0,0,0,0,0,0,0,0,0,0,0,0,0,0,0,0,0,0,0,0,0,0,0,0,0,0,0,0,0,0,1.92e+25,4.8e+24,0,4e-10,160000
0,0,0,0,0,0,0,0,0,0,0,0,0,0,0,0,977.102,0,0,0,0,0,0,0,0,0,0,0,0,0,0,0,0,0,0,0,0,0,0,0,0,0,0,0,0,0,0,0,0,0,1.92e+25,4.8e+24,0,4.5e-10,180000
0,0,0,0,0,0,0,0,0,0,0,0,0,0,0,0,974.569,0,0,0,0,0,0,0,0,0,0,0,0,0,0,0,0,0,0,0,0,0,0,0,0,0,0,0,0,0,0,0,0,0,1.92e+25,4.8e+24,0,5e-10,200000
0,0,0,0,0,0,0,0,0,0,0,0,0,0,0,0,972.035,0,0,0,0,0,0,0,0,0,0,0,0,0,0,0,0,0,0,0,0,0,0,0,0,0,0,0,0,0,0,0,0,0,1.92e+25,4.8e+24,0,5.5e-10,220000
0,0,0,0,0,0,0,0,0,0,0,0,0,0,0,0,969.497,0,0,0,0,0,0,0,0,0,0,0,0,0,0,0,0,0,0,0,0,0,0,0,0,0,0,0,0,0,0,0,0,0,1.92e+25,4.8e+24,0,6e-10,240000
0,0,0,0,0,0,0,0,0,0,0,0,0,0,0,0,966.953,0,0,0,0,0,0,0,0,0,0,0,0,0,0,0,0,0,0,0,0,0,0,0,0,0,0,0,0,0,0,0,0,0,1.92e+25,4.8e+24,0,6.5e-10,260000
0,0,0,0,0,0,0,0,0,0,0,0,0,0,0,0,964.4,0,0,0,0,0,0,0,0,0,0,0,0,0,0,0,0,0,0,0,0,0,0,0,0,0,0,0,0,0,0,0,0,0,1.92e+25,4.8e+24,0,7e-10,280000
0,0,0,0,0,0,0,0,0,0,0,0,0,0,0,0,961.835,0,0,0,0,0,0,0,0,0,0,0,0,0,0,0,0,0,0,0,0,0,0,0,0,0,0,0,0,0,0,0,0,0,1.92e+25,4.8e+24,0,7.5e-10,300000
0,0,0,0,0,0,0,0,0,0,0,0,0,0,0,0,959.254,0,0,0,0,0,0,0,0,0,0,0,0,0,0,0,0,0,0,0,0,0,0,0,0,0,0,0,0,0,0,0,0,0,1.92e+25,4.8e+24,0,8e-10,320000
0,0,0,0,0,0,0,0,0,0,0,0,0,0,0,0,956.653,0,0,0,0,0,0,0,0,0,0,0,0,0,0,0,0,0,0,0,0,0,0,0,0,0,0,0,0,0,0,0,0,0,1.92e+25,4.8e+24,0,8.5e-10,340000
0,0,0,0,0,0,0,0,0,0,0,0,0,0,0,0,954.025,0,0,0,0,0,0,0,0,0,0,0,0,0,0,0,0,0,0,0,0,0,0,0,0,0,0,0,0,0,0,0,0,0,1.92e+25,4.8e+24,0,9e-10,360000
0,0,0,0,0,0,0,0,0,0,0,0,0,0,0,0,951.364,0,0,0,0,0,0,0,0,0,0,0,0,0,0,0,0,0,0,0,0,0,0,0,0,0,0,0,0,0,0,0,0,0,1.92e+25,4.8e+24,0,9.5e-10,380000
0,0,0,0,0,0,0,0,0,0,0,0,0,0,0,0,948.663,0,0,0,0,0,0,0,0,0,0,0,0,0,0,0,0,0,0,0,0,0,0,0,0,0,0,0,0,0,0,0,0,0,1.92e+25,4.8e+24,0,1e-09,400000
0,0,0,0,0,0,0,0,0,0,0,0,0,0,0,0,917.098,0,0,0,0,0,0,0,0,0,0,0,0,0,0,0,0,0,0,0,0,0,0,0,0,0,0,0,0,0,0,0,0,0,1.92e+25,4.8e+24,0,1.5e-09,600000
0,0,0,0,0,0,0,0,0,0,0,0,0,0,0,0,875.597,0,0,0,0,0,0,0,0,0,0,0,0,0,0,0,0,0,0,0,0,0,0,0,0,0,0,0,0,0,0,0,0,0,1.92e+25,4.8e+24,0,2e-09,800000
0,0,0,0,0,0,0,0,0,0,0,0,0,0,0,0,848.155,0,0,0,0,0,0,0,0,0,0,0,0,0,0,0,0,0,0,0,0,0,0,0,0,0,0,0,0,0,0,0,0,0,1.92e+25,4.8e+24,0,2.5e-09,1000000
0,0,0,0,0,0,0,0,0,0,0,0,0,0,0,0,836.882,0,0,0,0,0,0,0,0,0,0,0,0,0,0,0,0,0,0,0,0,0,0,0,0,0,0,0,0,0,0,0,0,0,1.92e+25,4.8e+24,0,3e-09,1200000
0,0,0,0,0,0,0,0,0,0,0,0,0,0,0,0,810.145,0,0,0,0,0,0,0,0,0,0,0,0,0,0,0,0,0,0,0,0,0,0,0,0,0,0,0,0,0,0,0,0,0,1.92e+25,4.8e+24,0,3.5e-09,1400000
0,0,0,0,0,0,0,0,0,0,0,0,0,0,0,0,1262.18,0,0,0,0,0,0,0,0,0,0,0,0,0,0,0,0,0,0,0,0,0,0,0,0,0,0,0,0,0,0,0,0,0,1.92e+25,4.8e+24,0,4e-09,1600000
0,138862,0,6833,0,33593.4,0,0,0,0,0,0,0,0,0,0,234175,0,0,0,0,0,0,0,0,0,0,276233,16215.6,275694,190529,0,276660,948441,22934.1,0,0,0,0,0,0,0,0,0,0,0,0,0,0,0,1.92e+25,4.8e+24,0,4.5e-09,1800000
0,2.69088e+11,0,1.52128e+10,0,1.12123e+11,2.15573e+08,0,0,0,0,0,0,0,0,0,3.90771e+11,2.63737e+09,3.21623e+09,1.00712e+07,3.90747e+06,0,0,0,0,0,0,4.4459e+11,3.437e+10,3.08834e+11,2.29761e+11,0,4.45078e+11,9.7798e+11,4.37077e+10,1.56138e+06,4.76976e+08,1.51268e+06,0,0,0,0,0,0,0,0,0,0,0,0,1.92e+25,4.8e+24,0,5e-09,2000000
8.6211e+09,4.68437e+17,6.75392e+09,3.13864e+16,2.31256e+10,1.66662e+17,5.03934e+14,2.53859e+10,26576.9,3.25018e+07,0,0,0,0,0,0,6.52083e+17,6.63872e+15,8.21705e+15,3.62443e+13,1.42798e+13,350347,0,37801.5,0,0,0,8.09976e+17,8.91032e+16,7.12039e+17,5.21079e+17,0,8.11322e+17,2.30577e+18,1.08722e+17,5.48511e+12,1.3147e+15,5.48886e+12,7.6197e+07,0,0,0,0,0,0,0,0,0,0,0,1.92e+25,4.8e+24,0,5.5e-09,2200000
2.09674e+14,9.82008e+19,1.06605e+15,8.70477e+18,1.08962e+15,2.25767e+19,2.51784e+17,6.26664e+15,5.3201e+10,1.7529e+13,0,0,0,0,0,0,1.20978e+20,3.91779e+18,4.76221e+18,6.06878e+16,2.38896e+16,1.70186e+11,4.45004e+06,6.81604e+10,4.2062e+08,0,0,2.00587e+20,6.62408e+19,2.94706e+20,2.20134e+20,0,2.0169e+20,1.16681e+21,6.42595e+19,9.05705e+15,1.08295e+18,9.27169e+15,3.86761e+13,5.45338e+06,0,0,0,0,0,0,0,0,0,0,1.92e+25,4.8e+24,0,6e-09,2400000
6.37511e+13,1.55679e+20,1.27098e+16,1.49416e+19,1.02472e+15,5.02412e+19,1.43361e+18,9.70242e+16,3.58508e+12,6.64631e+14,0,0,0,0,0,0,1.88304e+20,1.61657e+19,1.69863e+19,6.94594e+17,2.55555e+17,4.55395e+12,6.11117e+08,5.50147e+12,7.86689e+10,0,0,3.96391e+20,3.82941e+20,5.89747e+20,5.727e+20,0,4.0368e+20,4.37425e+21,2.91772e+20,1.21005e+17,7.04749e+18,1.08849e+17,1.09391e+15,2.30955e+09,0,0,0,0,0,0,0,0,0,0,1.92e+25,4.8e+24,0,6.5e-09,2600000
4.77381e+12,1.32772e+20,2.66866e+16,1.2776e+19,8.90227e+14,7.30148e+19,3.38413e+18,2.2944e+17,1.47518e+13,2.7477e+15,0,0,0,0,0,0,1.81961e+20,1.92381e+19,1.86321e+19,1.76819e+18,6.07721e+17,1.3048e+13,4.20568e+09,2.89488e+13,7.35461e+11,0,0,3.97277e+20,5.90633e+20,2.46224e+20,4.87063e+20,0,4.12313e+20,5.50642e+21,4.19017e+20,3.81825e+17,1.42214e+19,2.86761e+17,3.0652e+15,2.44559e+10,0,0,0,0,0,0,0,0,0,0,1.92e+25,4.8e+24,0,7e-09,2800000
3.82057e+12,1.11871e+20,3.73575e+16,1.07556e+19,7.99208e+14,9.07412e+19,5.88649e+18,3.55089e+17,2.93188e+13,6.12186e+15,0,0,0,0,0,0,1.78657e+20,1.74803e+19,1.98099e+19,2.74456e+18,9.61349e+17,2.25483e+13,1.08852e+10,6.68999e+13,2.65823e+12,0,0,3.90253e+20,6.54235e+20,7.4604e+19,3.77469e+20,0,4.13077e+20,5.84284e+21,4.41058e+20,7.48942e+17,2.12991e+19,4.63811e+17,5.21635e+15,9.97205e+10,264586,0,0,0,0,0,0,0,0,0,1.92e+25,4.8e+24,0,7.5e-09,3000000
3.20704e+12,9.37568e+19,4.3812e+16,9.00192e+18,6.89107e+14,1.03485e+20,8.64398e+18,4.62692e+17,4.32735e+13,1.03328e+16,0,0,0,0,0,0,1.7057e+20,1.57101e+19,2.42426e+19,3.52879e+18,1.35328e+18,3.15637e+13,1.94297e+10,1.13831e+14,6.5102e+12,0,0,3.83373e+20,6.69156e+20,2.25193e+19,2.93814e+20,0,4.13862e+20,6.00719e+21,4.4359e+20,1.1946e+18,2.82538e+19,6.23255e+17,7.73023e+15,2.77749e+11,892110,0,0,0,0,0,0,0,0,0,1.92e+25,4.8e+24,0,8e-09,3200000
2.54044e+12,7.40275e+19,4.64818e+16,7.14033e+18,5.54877e+14,1.05079e+20,1.12663e+19,5.17645e+17,5.40872e+13,1.49057e+16,0,0,0,0,0,0,1.47601e+20,1.41469e+19,3.03483e+19,4.15146e+18,1.84455e+18,3.81874e+13,2.90775e+10,1.67094e+14,1.31735e+13,0,0,3.76651e+20,6.69457e+20,6.83414e+18,2.30318e+20,0,4.14728e+20,6.1104e+21,4.4582e+20,1.69918e+18,3.51171e+19,7.66751e+17,1.09363e+16,6.21831e+11,2.04597e+06,0,0,0,0,0,0,0,0,0,1.92e+25,4.8e+24,0,8.5e-09,3400000
1.62138e+12,4.70477e+19,4.5281e+16,4.57141e+18,3.58667e+14,8.1639e+19,1.33184e+19,4.34288e+17,5.6546e+13,1.94674e+16,0,0,0,0,0,0,9.41198e+19,1.2817e+19,3.30709e+19,4.65854e+18,2.40944e+18,3.67574e+13,3.94508e+10,2.25701e+14,2.38694e+13,0,0,3.70018e+20,6.65395e+20,2.10999e+18,1.81697e+20,0,4.15423e+20,6.18529e+21,4.47911e+20,2.22973e+18,4.19717e+19,8.96395e+17,1.47076e+16,1.14011e+12,3.97893e+06,0,0,0,0,0,0,0,0,0,1.92e+25,4.8e+24,0,9e-09,3600000
1.07813e+12,3.12879e+19,4.14885e+16,3.02832e+18,2.40271e+14,6.55409e+19,1.48675e+19,3.71745e+17,5.19276e+13,2.37337e+16,0,0,0,0,0,0,6.15495e+19,1.16942e+19,3.38458e+19,5.08315e+18,2.98884e+18,2.99172e+13,5.03609e+10,2.89172e+14,3.97686e+13,0,0,3.63441e+20,6.60057e+20,6.86517e+17,1.44018e+20,0,4.15843e+20,6.24249e+21,4.49887e+20,2.76616e+18,4.86666e+19,1.01439e+18,1.87279e+16,1.79994e+12,6.94316e+06,0,0,0,0,0,0,0,0,0,1.92e+25,4.8e+24,0,9.5e-09,3800000
7.92569e+11,2.30059e+19,3.69545e+16,2.2223e+18,1.77733e+14,5.80624e+19,1.62171e+19,3.48422e+17,4.64816e+13,2.75632e+16,0,0,0,0,0,0,4.61642e+19,1.07049e+19,3.40564e+19,5.43271e+18,3.56224e+18,2.45373e+13,6.15806e+10,3.5643e+14,6.18425e+13,0,0,3.56922e+20,6.54345e+20,2.55195e+17,1.14792e+20,0,4.16133e+20,6.28868e+21,4.5178e+20,3.31602e+18,5.52267e+19,1.1229e+18,2.28949e+16,2.65777e+12,1.11895e+07,6280.41,1597.64,0,0,0,0,0,0,0,1.92e+25,4.8e+24,0,1e-08,3800200
1.24007e+11,3.59244e+18,9.68436e+15,3.46183e+17,2.86759e+13,3.76859e+19,2.54951e+19,3.31955e+17,2.96184e+13,4.40688e+16,0,0,0,0,0,0,1.64422e+19,5.16252e+18,3.18774e+19,6.22728e+18,7.79439e+18,1.51398e+13,1.51145e+11,9.77804e+14,6.24695e+14,0,0,3.03323e+20,6.04075e+20,6.17291e+16,2.62249e+19,0,4.17325e+20,6.50513e+21,4.66523e+20,8.50235e+18,1.08642e+20,1.78172e+18,6.22854e+16,2.76803e+13,1.40419e+08,256013,184038,0,0,0,0,0,0,0,1.92e+25,4.8e+24,0,1.45e-08,3802000
2.10145e+10,6.07938e+17,1.85473e+15,5.85781e+16,4.95044e+12,2.49502e+19,3.17614e+19,3.25561e+17,2.60106e+13,4.55929e+16,0,0,0,0,0,0,1.03286e+19,2.52685e+18,2.90521e+19,5.09655e+18,1.07433e+19,1.35719e+13,2.11174e+11,1.5234e+15,2.17445e+15,0,0,2.53093e+20,5.52789e+20,5.16876e+16,1.53555e+19,0,4.17956e+20,6.63637e+21,4.8083e+20,1.38545e+19,1.5854e+20,2.14313e+18,1.07457e+17,1.15435e+14,5.91955e+08,1.31562e+06,2.19978e+06,0,0,0,0,0,0,0,1.92e+25,4.8e+24,0,1.95e-08,3804000
3.76218e+09,1.08727e+17,3.38715e+14,1.04764e+16,8.99667e+11,1.66654e+19,3.50453e+19,3.25357e+17,2.52819e+13,4.35819e+16,0,0,0,0,0,0,7.57534e+18,1.40483e+18,2.69996e+19,3.7608e+18,1.24521e+19,1.24622e+13,2.42378e+11,1.89697e+15,4.68756e+15,0,0,2.11179e+20,5.05951e+20,4.32984e+16,1.23361e+19,0,4.18415e+20,6.74361e+21,4.93829e+20,1.83502e+19,2.00152e+20,2.33603e+18,1.5358e+17,2.85635e+14,1.51297e+09,3.78962e+06,1.10952e+07,0,0,0,0,0,0,0,1.92e+25,4.8e+24,0,2.45e-08,3806000
6.89933e+08,1.99226e+16,6.08003e+13,1.91968e+15,1.67129e+11,1.14214e+19,3.65329e+19,3.33147e+17,2.57087e+13,4.12509e+16,0,0,0,0,0,0,5.81894e+18,9.17105e+17,2.5492e+19,2.72316e+18,1.33892e+19,1.12214e+13,2.59492e+11,2.16243e+15,8.0146e+15,0,0,1.76212e+20,4.63153e+20,3.62822e+16,1.02541e+19,0,4.18782e+20,6.83675e+21,5.05693e+20,2.2117e+19,2.34858e+20,2.45612e+18,2.00875e+17,5.44451e+14,3.02228e+09,8.33097e+06,3.62802e+07,0,0,0,0,0,0,0,1.92e+25,4.8e+24,0,2.95e-08,3808000
1.28294e+08,3.70217e+15,1.0857e+13,3.56735e+14,3.14285e+10,8.06981e+18,3.69889e+19,3.46847e+17,2.672e+13,3.91123e+16,0,0,0,0,0,0,4.56265e+18,7.01442e+17,2.43057e+19,2.02002e+18,1.38445e+19,9.90345e+12,2.70491e+11,2.37365e+15,1.19746e+16,0,0,1.47042e+20,4.24033e+20,3.04112e+16,8.55632e+18,0,4.1908e+20,6.91839e+21,5.16527e+20,2.53755e+19,2.63807e+20,2.54374e+18,2.49414e+17,8.92346e+14,5.21442e+09,1.56453e+07,9.18082e+07,0,0,0,0,0,0,0,1.92e+25,4.8e+24,0,3.45e-08,3810000
2.40676e+07,6.94138e+14,1.93929e+12,6.6887e+13,5.95393e+09,5.88836e+18,3.68562e+19,3.64433e+17,2.80701e+13,3.71981e+16,0,0,0,0,0,0,3.64691e+18,6.03428e+17,2.33087e+19,1.57352e+18,1.39954e+19,8.6677e+12,2.7907e+11,2.5628e+15,1.63969e+16,0,0,1.22708e+20,3.88264e+20,2.54964e+16,7.14639e+18,0,4.19322e+20,6.99023e+21,5.26425e+20,2.83073e+19,2.87955e+20,2.61622e+18,2.9911e+17,1.32815e+15,8.16389e+09,2.64869e+07,1.96463e+08,0,0,0,0,0,0,0,1.92e+25,4.8e+24,0,3.95e-08,3812000
4.54146e+06,1.30924e+14,3.47389e+11,1.2616e+13,1.13319e+09,4.44378e+18,3.63857e+19,3.84423e+17,2.96228e+13,3.54741e+16,0,0,0,0,0,0,2.98694e+18,5.56166e+17,2.24313e+19,1.2992e+18,1.3952e+19,7.62245e+12,2.86822e+11,2.74619e+15,2.11349e+16,0,0,1.02407e+20,3.55551e+20,2.13806e+16,5.972e+18,0,4.19516e+20,7.05359e+21,5.35469e+20,3.10375e+19,3.08097e+20,2.68102e+18,3.49804e+17,1.85035e+15,1.19281e+10,4.16489e+07,3.73781e+08,0,0,0,0,0,0,0,1.92e+25,4.8e+24,0,4.45e-08,3814000
860421,2.47962e+13,6.24744e+10,2.38942e+12,2.16324e+08,3.47302e+18,3.57216e+19,4.0578e+17,3.12909e+13,3.39071e+16,0,0,0,0,0,0,2.51934e+18,5.3053e+17,2.16377e+19,1.13256e+18,1.37852e+19,6.80391e+12,2.94381e+11,2.93086e+15,2.60682e+16,0,0,8.54722e+19,3.25627e+20,1.79329e+16,4.9927e+18,0,4.19671e+20,7.1096e+21,5.43736e+20,3.36448e+19,3.24899e+20,2.7414e+18,4.01311e+17,2.45721e+15,1.65498e+10,6.19516e+07,6.5201e+08,0,0,0,0,0,0,0,1.92e+25,4.8e+24,0,4.95e-08,3816000
163491,4.71032e+12,1.12836e+10,4.539e+11,4.13802e+07,2.81219e+18,3.4949e+19,4.2778e+17,3.30148e+13,3.24718e+16,0,0,0,0,0,0,2.19263e+18,5.13896e+17,2.09091e+19,1.03032e+18,1.35412e+19,6.19849e+12,3.01965e+11,3.11905e+15,3.11012e+16,0,0,7.13439e+19,2.98249e+20,1.50438e+16,4.17556e+18,0,4.19794e+20,7.1592e+21,5.51292e+20,3.61763e+19,3.38914e+20,2.79875e+18,4.53456e+17,3.14664e+15,2.20595e+10,8.82323e+07,1.06398e+09,0,0,0,0,0,0,0,1.92e+25,4.8e+24,0,5.45e-08,3818000
31134.2,8.96817e+11,2.04667e+09,8.64202e+10,7.92699e+06,2.3567e+18,3.41197e+19,4.49917e+17,3.47532e+13,3.11495e+16,0,0,0,0,0,0,1.96609e+18,5.00883e+17,2.02343e+19,9.65369e+17,1.32513e+19,5.76896e+12,3.09622e+11,3.3107e+15,3.61602e+16,0,0,5.95569e+19,2.73195e+20,1.26224e+16,3.49343e+18,0,4.19889e+20,7.20319e+21,5.58201e+20,3.86593e+19,3.50604e+20,2.85374e+18,5.06081e+17,3.91604e+15,2.84778e+10,1.21337e+08,1.64691e+09,0,0,0,0,0,0,0,1.92e+25,4.8e+24,0,5.95e-08,3820000
5939.46,1.71059e+11,3.72757e+08,1.64838e+10,1.5202e+06,2.03853e+18,3.32661e+19,4.71836e+17,3.6477e+13,2.99256e+16,0,0,0,0,0,0,1.80893e+18,4.89272e+17,1.96057e+19,9.21494e+17,1.29363e+19,5.47273e+12,3.17336e+11,3.50487e+15,4.11896e+16,0,0,4.97229e+19,2.50265e+20,1.05923e+16,2.92382e+18,0,4.19961e+20,7.24225e+21,5.64518e+20,4.11086e+19,3.60354e+20,2.90666e+18,5.59049e+17,4.76226e+15,3.58168e+10,1.62114e+08,2.44207e+09,0,0,0,0,0,0,0,1.92e+25,4.8e+24,0,6.45e-08,3822000
1134.74,3.26771e+10,6.8153e+07,3.14888e+09,291794,1.81287e+18,3.2409e+19,4.93293e+17,3.81662e+13,2.8789e+16,0,0,0,0,0,0,1.6988e+18,4.78203e+17,1.90177e+19,8.89301e+17,1.26101e+19,5.27134e+12,3.25072e+11,3.7004e+15,4.61488e+16,0,0,4.15178e+19,2.29276e+20,8.89005e+15,2.44804e+18,0,4.20015e+20,7.27699e+21,5.70296e+20,4.35326e+19,3.68485e+20,2.95772e+18,6.12243e+17,5.68164e+15,4.40825e+10,2.11407e+08,3.49442e+09,0,0,0,0,0,0,0,1.92e+25,4.8e+24,0,6.95e-08,3824000
217.067,6.2504e+09,1.25062e+07,6.02311e+08,56051,1.64988e+18,3.15617e+19,5.14121e+17,3.98071e+13,2.77306e+16,0,0,0,0,0,0,1.62e+18,4.67385e+17,1.84656e+19,8.63511e+17,1.22821e+19,5.13407e+12,3.32796e+11,3.89615e+15,5.10086e+16,0,0,3.46715e+19,2.10062e+20,7.46232e+15,2.05054e+18,0,4.20053e+20,7.30791e+21,5.7558e+20,4.59353e+19,3.75265e+20,3.00704e+18,6.65566e+17,6.67013e+15,5.32759e+10,2.70055e+08,4.85225e+09,0,0,0,0,0,0,0,1.92e+25,4.8e+24,0,7.45e-08,3826000
41.5703,1.19695e+09,2.30277e+06,1.15343e+08,10774.2,1.52959e+18,3.07326e+19,5.34213e+17,4.13907e+13,2.67425e+16,0,0,0,0,0,0,1.56183e+18,4.56749e+17,1.79454e+19,8.41237e+17,1.19581e+19,5.03819e+12,3.40476e+11,4.09117e+15,5.57493e+16,0,0,2.89586e+19,1.92468e+20,6.26463e+15,1.71834e+18,0,4.20078e+20,7.33545e+21,5.80414e+20,4.83191e+19,3.80918e+20,3.05473e+18,7.18936e+17,7.7234e+15,6.33941e+10,3.38883e+08,6.56668e+09,0,0,0,0,0,0,0,1.92e+25,4.8e+24,0,7.95e-08,3828000
7.96932,2.29459e+08,425382,2.21114e+07,2072.36,1.43854e+18,2.9927e+19,5.53503e+17,4.29117e+13,2.58184e+16,0,0,0,0,0,0,1.5171e+18,4.46308e+17,1.74539e+19,8.20945e+17,1.16419e+19,4.96781e+12,3.4809e+11,4.28468e+15,6.03578e+16,0,0,2.41911e+19,1.76359e+20,5.25976e+15,1.44067e+18,0,4.20092e+20,7.36001e+21,5.84836e+20,5.06849e+19,3.85631e+20,3.10091e+18,7.72286e+17,8.837e+15,7.44315e+10,4.18706e+08,8.69127e+09,0,0,0,0,0,0,0,1.92e+25,4.8e+24,0,8.45e-08,3830000
1.52924,4.40307e+07,78819.8,4.24295e+06,398.849,1.36765e+18,2.91478e+19,5.71957e+17,4.4367e+13,2.49526e+16,0,0,0,0,0,0,1.48113e+18,4.36089e+17,1.69884e+19,8.01847e+17,1.13357e+19,4.91231e+12,3.55621e+11,4.47609e+15,6.48266e+16,0,0,2.02123e+19,1.61605e+20,4.41652e+15,1.2085e+18,0,4.20097e+20,7.38191e+21,5.88882e+20,5.30333e+19,3.89558e+20,3.14566e+18,8.2556e+17,1.00064e+16,8.63803e+10,5.10325e+08,1.12816e+10,0,0,0,0,0,0,0,1.92e+25,4.8e+24,0,8.95e-08,3832000
0,8.45676e+06,14627.5,814923,76.8063,1.31075e+18,2.83967e+19,5.89565e+17,4.57557e+13,2.41402e+16,0,0,0,0,0,0,1.45085e+18,4.26124e+17,1.65463e+19,7.83552e+17,1.10405e+19,4.86492e+12,3.63056e+11,4.66496e+15,6.91517e+16,0,0,1.68915e+19,1.48093e+20,3.70882e+15,1.01433e+18,0,4.20095e+20,7.40145e+21,5.92583e+20,5.53648e+19,3.92829e+20,3.18908e+18,8.78712e+17,1.12273e+16,9.92315e+10,6.14524e+08,1.4395e+10,0,0,0,0,0,0,0,1.92e+25,4.8e+24,0,9.45e-08,3834000
0,1.62565e+06,2722.23,156653,14.7993,1.26366e+18,2.76741e+19,6.0633e+17,4.7078e+13,2.33768e+16,0,0,0,0,0,0,1.4243e+18,4.16431e+17,1.61257e+19,7.65879e+17,1.0757e+19,4.82145e+12,3.70387e+11,4.85097e+15,7.3332e+16,0,0,1.41195e+19,1.35717e+20,3.11479e+15,8.51889e+17,0,4.20086e+20,7.41889e+21,5.9597e+20,5.76795e+19,3.95553e+20,3.23125e+18,9.31706e+17,1.24953e+16,1.12975e+11,7.32073e+08,1.809e+10,0,0,0,0,0,0,0,1.92e+25,4.8e+24,0,9.95e-08,3836000
0,60217.3,95.1232,5802.73,0,1.18839e+18,2.63135e+19,6.3741e+17,4.95288e+13,2.19817e+16,0,0,0,0,0,0,1.37793e+18,3.97905e+17,1.53422e+19,7.32129e+17,1.02246e+19,4.7377e+12,3.84715e+11,5.21361e+15,8.12641e+16,0,0,9.87326e+18,1.13993e+20,2.19744e+15,6.0214e+17,0,4.20055e+20,7.44834e+21,6.01902e+20,6.22598e+19,3.99705e+20,3.31215e+18,1.03711e+18,1.51567e+16,1.43096e+11,1.01021e+09,2.74634e+10,0,0,0,0,0,0,0,1.92e+25,4.8e+24,0,1.095e-07,3840000
0,0,0,0,0,9.49666e+17,2.0945e+19,7.51853e+17,5.85406e+13,1.6934e+16,0,0,0,0,0,0,1.19523e+18,3.21671e+17,1.22897e+19,5.92097e+17,8.14451e+18,4.29833e+12,4.49421e+11,6.831e+15,1.13382e+17,0,0,1.69191e+18,4.77351e+19,3.85316e+14,1.12799e+17,0,4.19759e+20,7.52508e+21,6.19838e+20,8.42597e+19,4.07386e+20,3.66216e+18,1.54917e+18,3.01321e+16,3.43623e+11,3.44248e+09,1.29791e+11,0,0,0,0,0,0,0,1.92e+25,4.8e+24,0,1.595e-07,3860000
0,0,0,0,0,7.89209e+17,1.72482e+19,8.19923e+17,6.3879e+13,1.38701e+16,0,0,0,0,0,0,1.05243e+18,2.66865e+17,1.01904e+19,4.9107e+17,6.72618e+18,3.89399e+12,5.03614e+11,8.16631e+15,1.36147e+17,0,0,3.15802e+17,2.00216e+19,6.77845e+13,2.49401e+16,0,4.19403e+20,7.54334e+21,6.27113e+20,1.0501e+20,4.0818e+20,3.94698e+18,2.03568e+18,4.63535e+16,6.20832e+11,8.06563e+09,3.67884e+11,0,0,0,0,0,0,0,1.92e+25,4.8e+24,0,2.095e-07,3880000
0,0,0,0,0,6.6979e+17,1.45697e+19,8.61771e+17,6.71411e+13,1.18886e+16,0,0,0,0,0,0,9.37349e+17,2.26431e+17,8.66674e+18,4.16607e+17,5.70391e+18,3.56006e+12,5.49292e+11,9.29405e+15,1.5286e+17,0,0,7.20693e+16,8.40415e+18,1.19432e+13,7.11226e+15,0,4.19047e+20,7.53937e+21,6.29944e+20,1.24804e+20,4.07798e+20,4.18664e+18,2.50049e+18,6.27431e+16,9.68071e+11,1.54218e+10,7.96112e+11,0,0,0,0,0,0,0,1.92e+25,4.8e+24,0,2.595e-07,3900000
0,0,0,0,0,5.78248e+17,1.25487e+19,8.88162e+17,6.91801e+13,1.05504e+16,0,0,0,0,0,0,8.42952e+17,1.95713e+17,7.51571e+18,3.60115e+17,4.93542e+18,3.28656e+12,5.88203e+11,1.02695e+16,1.65521e+17,0,0,2.37022e+16,3.52911e+18,2.106e+12,2.69104e+15,0,4.18698e+20,7.5267e+21,6.30918e+20,1.43862e+20,4.07211e+20,4.3928e+18,2.94777e+18,7.88704e+16,1.38043e+12,2.59849e+10,1.46241e+12,0,0,0,0,0,0,0,1.92e+25,4.8e+24,0,3.095e-07,3920000
0,0,0,0,0,5.06301e+17,1.09749e+19,9.0492e+17,7.04574e+13,9.61973e+15,0,0,0,0,0,0,7.64319e+17,1.71744e+17,6.6185e+18,3.16092e+17,4.33863e+18,3.06047e+12,6.21694e+11,1.113e+16,1.7535e+17,0,0,1.19044e+16,1.48231e+18,3.71539e+11,1.30554e+15,0,4.18356e+20,7.5107e+21,6.31116e+20,1.62338e+20,4.0659e+20,4.57317e+18,3.38067e+18,9.45788e+16,1.85393e+12,4.01814e+10,2.40921e+12,0,0,0,0,0,0,0,1.92e+25,4.8e+24,0,3.595e-07,3940000
0,0,0,0,0,4.48515e+17,9.71797e+18,9.15375e+17,7.12364e+13,8.96017e+15,0,0,0,0,0,0,6.97948e+17,1.52602e+17,5.9013e+18,2.80976e+17,3.86301e+18,2.87149e+12,6.50791e+11,1.19007e+16,1.83122e+17,0,0,8.1023e+15,6.22698e+17,6.55667e+10,7.77507e+14,0,4.1802e+20,7.49353e+21,6.30991e+20,1.80346e+20,4.05971e+20,4.73318e+18,3.80155e+18,1.0983e+17,2.38518e+12,5.84022e+10,3.67456e+12,0,0,0,0,0,0,0,1.92e+25,4.8e+24,0,4.095e-07,3960000
0,0,0,0,0,4.01225e+17,8.69321e+18,9.21534e+17,7.16762e+13,8.48802e+15,0,0,0,0,0,0,6.41286e+17,1.37007e+17,5.31602e+18,2.52397e+17,3.47583e+18,2.71192e+12,6.76271e+11,1.25995e+16,1.89352e+17,0,0,6.48543e+15,2.61618e+17,1.15734e+10,5.45127e+14,0,4.17688e+20,7.47607e+21,6.30732e+20,1.97969e+20,4.05359e+20,4.87675e+18,4.21213e+18,1.24637e+17,2.97118e+12,8.10104e+10,5.29318e+12,0,0,0,0,0,0,0,1.92e+25,4.8e+24,0,4.595e-07,3980000
0,0,0,0,0,3.619e+17,7.84324e+18,9.24668e+17,7.18774e+13,8.14948e+15,0,0,0,0,0,0,5.92427e+17,1.24084e+17,4.83007e+18,2.28733e+17,3.15504e+18,2.57591e+12,6.98737e+11,1.32393e+16,1.94399e+17,0,0,5.61707e+15,1.09925e+17,2.04324e+09,4.29242e+14,0,4.17359e+20,7.45864e+21,6.3042e+20,2.1527e+20,4.04756e+20,5.00682e+18,4.61373e+18,1.39034e+17,3.60926e+12,1.08345e+11,7.29717e+12,0,0,0,0,0,0,0,1.92e+25,4.8e+24,0,5.095e-07,4000000
0,0,0,0,0,3.28744e+17,7.12792e+18,9.25615e+17,7.19064e+13,7.9086e+15,0,0,0,0,0,0,5.4992e+17,1.13216e+17,4.42064e+18,2.08848e+17,2.88526e+18,2.45901e+12,7.18658e+11,1.38297e+16,1.98517e+17,0,0,5.05474e+15,4.61911e+16,3.6078e+08,3.63338e+14,0,4.17034e+20,7.44137e+21,6.30088e+20,2.32297e+20,4.04161e+20,5.12563e+18,5.00739e+18,1.53063e+17,4.29698e+12,1.40726e+11,9.71661e+12,0,0,0,0,0,0,0,1.92e+25,4.8e+24,0,5.595e-07,4020000
0,0,0,0,0,3.00453e+17,6.5184e+18,9.24943e+17,7.18082e+13,7.74054e+15,0,0,0,0,0,0,5.12642e+17,1.03961e+17,4.07133e+18,1.91923e+17,2.65545e+18,2.35779e+12,7.36407e+11,1.4378e+16,2.01893e+17,0,0,4.63654e+15,1.94111e+16,6.37127e+07,3.20495e+14,0,4.16711e+20,7.42428e+21,6.29748e+20,2.49087e+20,4.03574e+20,5.2349e+18,5.39388e+18,1.66764e+17,5.03209e+12,1.78453e+11,1.258e+13,0,0,0,0,0,0,0,1.92e+25,4.8e+24,0,6.095e-07,4040000
0,0,0,0,0,2.7606e+17,5.99339e+18,9.23054e+17,7.16145e+13,7.6277e+15,0,0,0,0,0,0,4.79717e+17,9.59917e+16,3.77004e+18,1.77358e+17,2.45751e+18,2.26954e+12,7.52286e+11,1.48901e+16,2.04668e+17,0,0,4.29634e+15,8.1577e+15,1.12528e+07,2.89243e+14,0,4.16391e+20,7.40739e+21,6.29407e+20,2.65671e+20,4.02994e+20,5.33602e+18,5.77387e+18,1.80179e+17,5.8125e+12,2.21813e+11,1.59145e+13,0,0,0,0,0,0,0,1.92e+25,4.8e+24,0,6.595e-07,4060000
0,0,0,0,0,2.54835e+17,5.5369e+18,9.20235e+17,7.1348e+13,7.5573e+15,0,0,0,0,0,0,4.50446e+17,8.90633e+16,3.50768e+18,1.64701e+17,2.28536e+18,2.19211e+12,7.6654e+11,1.53704e+16,2.06948e+17,0,0,4.00481e+15,3.42854e+15,1.98768e+06,2.64478e+14,0,4.16073e+20,7.39067e+21,6.29066e+20,2.82072e+20,4.0242e+20,5.43009e+18,6.14786e+18,1.93344e+17,6.63626e+12,2.71074e+11,1.97465e+13,0,0,0,0,0,0,0,1.92e+25,4.8e+24,0,7.095e-07,4080000
0,0,0,0,0,2.36217e+17,5.13671e+18,9.16696e+17,7.10255e+13,7.51984e+15,0,0,0,0,0,0,4.2427e+17,8.29885e+16,3.27731e+18,1.53606e+17,2.13436e+18,2.12379e+12,7.79371e+11,1.58226e+16,2.08817e+17,0,0,3.74781e+15,1.44103e+15,351135,2.43798e+14,0,4.15756e+20,7.37411e+21,6.28727e+20,2.98309e+20,4.01852e+20,5.51801e+18,6.5163e+18,2.06292e+17,7.50154e+12,3.26493e+11,2.41012e+13,0,0,0,0,0,0,0,1.92e+25,4.8e+24,0,7.595e-07,4100000
0,0,0,0,0,2.19768e+17,4.78327e+18,9.12595e+17,7.06594e+13,7.5082e+15,0,0,0,0,0,0,4.00736e+17,7.76218e+16,3.0735e+18,1.43808e+17,2.00091e+18,2.06319e+12,7.90949e+11,1.62497e+16,2.10343e+17,0,0,3.51768e+15,6.05703e+14,62036.1,2.25982e+14,0,4.15441e+20,7.3577e+21,6.28389e+20,3.14399e+20,4.0129e+20,5.60052e+18,6.87954e+18,2.19053e+17,8.4066e+12,3.88314e+11,2.90035e+13,0,0,0,0,0,0,0,1.92e+25,4.8e+24,0,8.095e-07,4120000
0,0,0,0,0,2.05141e+17,4.46907e+18,9.08054e+17,7.02593e+13,7.5169e+15,0,0,0,0,0,0,3.79474e+17,7.28485e+16,2.892e+18,1.35095e+17,1.88217e+18,2.00918e+12,8.01417e+11,1.66543e+16,2.11578e+17,0,0,3.30974e+15,2.54603e+14,10961.1,2.10345e+14,0,4.15128e+20,7.34142e+21,6.28054e+20,3.30355e+20,4.00732e+20,5.67824e+18,7.23789e+18,2.31652e+17,9.34979e+12,4.56767e+11,3.44775e+13,0,0,0,0,0,0,0,1.92e+25,4.8e+24,0,8.595e-07,4140000
0,0,0,0,0,1.92059e+17,4.18811e+18,9.03165e+17,6.98325e+13,7.5417e+15,0,0,0,0,0,0,3.60179e+17,6.85772e+16,2.72939e+18,1.273e+17,1.77587e+18,1.96083e+12,8.10894e+11,1.70385e+16,2.12565e+17,0,0,3.12075e+15,1.07026e+14,1936.87,1.96459e+14,0,4.14816e+20,7.32527e+21,6.2772e+20,3.46188e+20,4.0018e+20,5.7517e+18,7.59162e+18,2.44114e+17,1.03295e+13,5.32074e+11,4.05471e+13,0,0,0,0,0,0,0,1.92e+25,4.8e+24,0,9.095e-07,4160000
0,0,0,0,0,1.80298e+17,3.93554e+18,8.98e+17,6.93848e+13,7.57927e+15,0,0,0,0,0,0,3.42595e+17,6.47343e+16,2.58291e+18,1.20287e+17,1.68018e+18,1.91737e+12,8.19486e+11,1.74041e+16,2.13339e+17,0,0,2.94825e+15,4.49914e+13,342.281,1.84028e+14,0,4.14506e+20,7.30924e+21,6.27387e+20,3.61908e+20,3.99632e+20,5.82133e+18,7.94094e+18,2.56457e+17,1.13444e+13,6.14442e+11,4.72355e+13,0,0,0,0,0,0,0,1.92e+25,4.8e+24,0,9.595e-07,4180000
0,0,0,0,0,1.69675e+17,3.70739e+18,8.92618e+17,6.89206e+13,7.62697e+15,0,0,0,0,0,0,3.26511e+17,6.12595e+16,2.45032e+18,1.13947e+17,1.59363e+18,1.87814e+12,8.27282e+11,1.77526e+16,2.1393e+17,0,0,2.79024e+15,1.89142e+13,60.4922,1.72833e+14,0,4.14197e+20,7.29331e+21,6.27056e+20,3.77524e+20,3.99088e+20,5.88751e+18,8.28607e+18,2.68701e+17,1.23928e+13,7.04071e+11,5.45659e+13,0,0,0,0,0,0,0,1.92e+25,4.8e+24,0,1.0095e-06,4200000
0,0,0,0,0,1.02105e+17,2.25493e+18,8.33762e+17,6.39229e+13,8.34428e+15,0,0,0,0,0,0,2.18965e+17,3.89842e+16,1.59628e+18,7.33021e+16,1.03743e+18,1.63164e+12,8.74658e+11,2.05258e+16,2.13692e+17,0,0,1.73571e+15,3.26729e+09,0,1.0226e+14,0,4.11161e+20,7.13866e+21,6.23816e+20,5.29129e+20,3.93858e+20,6.415e+18,1.15369e+19,3.88398e+17,2.44477e+13,2.03678e+12,1.68102e+14,0,0,0,0,0,0,0,1.92e+25,4.8e+24,0,1.5095e-06,4400000
0,0,0,0,0,6.89535e+16,1.53959e+18,7.74922e+17,5.89933e+13,9.08922e+15,0,0,0,0,0,0,1.61725e+17,2.77855e+16,1.16319e+18,5.28405e+16,7.56231e+17,1.51319e+12,8.90127e+11,2.24239e+16,2.08385e+17,0,0,1.18669e+15,566066,0,6.81197e+13,0,4.08208e+20,6.99022e+21,6.20671e+20,6.74617e+20,3.88938e+20,6.79558e+18,1.44847e+19,5.07871e+17,3.86217e+13,4.25094e+12,3.6994e+14,0,0,0,0,0,0,0,1.92e+25,4.8e+24,0,2.0095e-06,4600000
0,0,0,0,0,4.984e+16,1.12504e+18,7.20198e+17,5.44441e+13,9.69496e+15,0,0,0,0,0,0,1.26493e+17,2.11199e+16,9.03397e+17,4.06313e+16,5.87798e+17,1.44287e+12,8.90347e+11,2.37644e+16,2.01586e+17,0,0,8.60336e+14,98.3257,0,4.86121e+13,0,4.05322e+20,6.84642e+21,6.176e+20,8.15534e+20,3.84277e+20,7.09736e+18,1.71824e+19,6.29878e+17,5.40878e+13,7.42317e+12,6.80918e+14,0,0,0,0,0,0,0,1.92e+25,4.8e+24,0,2.5095e-06,4800000
0,0,0,0,0,3.77135e+16,8.60538e+17,6.70271e+17,5.03191e+13,1.01481e+16,0,0,0,0,0,0,1.02768e+17,1.67349e+16,7.31166e+17,3.25736e+16,4.76219e+17,1.39334e+12,8.82644e+11,2.47109e+16,1.94515e+17,0,0,6.49291e+14,0,0,3.6303e+13,0,4.02495e+20,6.70651e+21,6.14593e+20,9.5261e+20,3.79844e+20,7.35095e+18,1.96633e+19,7.54884e+17,7.0234e+13,1.15811e+13,1.12075e+15,0,0,0,0,0,0,0,1.92e+25,4.8e+24,0,3.0095e-06,5000000
0,0,0,0,0,2.95143e+16,6.80667e+17,6.24998e+17,4.65988e+13,1.04672e+16,0,0,0,0,0,0,8.57847e+16,1.36523e+16,6.09139e+17,2.68884e+16,3.9719e+17,1.35342e+12,8.70704e+11,2.53629e+16,1.87643e+17,0,0,5.04669e+14,0,0,2.80071e+13,0,3.99722e+20,6.57007e+21,6.11642e+20,1.08626e+21,3.75617e+20,7.57263e+18,2.19521e+19,8.82518e+17,8.66044e+13,1.67167e+13,1.70773e+15,0,0,0,0,0,0,0,1.92e+25,4.8e+24,0,3.5095e-06,5200000
0,0,0,0,0,2.37112e+16,5.52636e+17,5.8401e+17,4.32474e+13,1.06759e+16,0,0,0,0,0,0,7.30784e+16,1.13807e+16,5.1848e+17,2.26817e+16,3.3848e+17,1.31806e+12,8.56536e+11,2.57868e+16,1.81155e+17,0,0,4.01278e+14,0,0,2.21464e+13,0,3.96999e+20,6.43683e+21,6.08744e+20,1.21675e+21,3.71577e+20,7.77197e+18,2.40683e+19,1.0121e+18,1.02862e+14,2.27961e+13,2.45847e+15,0,0,0,0,0,0,0,1.92e+25,4.8e+24,0,4.0095e-06,5400000
0,0,0,0,0,1.94588e+16,4.58305e+17,5.4689e+17,4.02264e+13,1.07963e+16,0,0,0,0,0,0,6.32478e+16,9.6465e+15,4.48687e+17,1.9456e+16,2.93276e+17,1.28483e+12,8.41286e+11,2.60299e+16,1.75114e+17,0,0,3.2493e+14,0,0,1.7857e+13,0,3.94324e+20,6.3066e+21,6.05895e+20,1.34428e+21,3.67708e+20,7.95506e+18,2.60285e+19,1.14288e+18,1.18761e+14,2.97673e+13,3.38772e+15,0,0,0,0,0,0,0,1.92e+25,4.8e+24,0,4.5095e-06,5600000
0,0,0,0,0,1.6256e+16,3.86887e+17,5.13231e+17,3.74995e+13,1.08475e+16,0,0,0,0,0,0,5.54394e+16,8.28582e+15,3.93446e+17,1.69131e+16,2.57489e+17,1.25253e+12,8.25628e+11,2.6127e+16,1.69525e+17,0,0,2.67086e+14,0,0,1.46294e+13,0,3.91694e+20,6.17923e+21,6.03091e+20,1.46898e+21,3.63998e+20,8.12596e+18,2.78468e+19,1.27411e+18,1.34126e+14,3.75656e+13,4.50831e+15,0,0,0,0,0,0,0,1.92e+25,4.8e+24,0,5.0095e-06,5800000
0,0,0,0,0,1.37886e+16,3.316e+17,4.82662e+17,3.50335e+13,1.0845e+16,0,0,0,0,0,0,4.91043e+16,7.19457e+15,3.48743e+17,1.48635e+16,2.28518e+17,1.22057e+12,8.09962e+11,2.6105e+16,1.64368e+17,0,0,2.22334e+14,0,0,1.21457e+13,0,3.89108e+20,6.05461e+21,6.0033e+20,1.59098e+21,3.60435e+20,8.2875e+18,2.95355e+19,1.4051e+18,1.48836e+14,4.61187e+13,5.8311e+15,0,0,0,0,0,0,0,1.92e+25,4.8e+24,0,5.5095e-06,6000000
0,0,0,0,0,1.18512e+16,2.87997e+17,4.54848e+17,3.2799e+13,1.08013e+16,0,0,0,0,0,0,4.38742e+16,6.30361e+15,3.11904e+17,1.31815e+16,2.04633e+17,1.18871e+12,7.94528e+11,2.59851e+16,1.59615e+17,0,0,1.87102e+14,0,0,1.01988e+13,0,3.86563e+20,5.93265e+21,5.9761e+20,1.71037e+21,3.57009e+20,8.44169e+18,3.11057e+19,1.53526e+18,1.62811e+14,5.53497e+13,7.36506e+15,0,0,0,0,0,0,0,1.92e+25,4.8e+24,0,6.0095e-06,6200000
0,0,0,0,0,1.03049e+16,2.53054e+17,4.29489e+17,3.077e+13,1.07264e+16,0,0,0,0,0,0,3.94926e+16,5.56526e+15,2.8108e+17,1.178e+16,1.84639e+17,1.15685e+12,7.79462e+11,2.57841e+16,1.55231e+17,0,0,1.58951e+14,0,0,8.64877e+12,0,3.84058e+20,5.81325e+21,5.9493e+20,1.82724e+21,3.5371e+20,8.59003e+18,3.2567e+19,1.66406e+18,1.76006e+14,6.51799e+13,9.11736e+15,0,0,0,0,0,0,0,1.92e+25,4.8e+24,0,6.5095e-06,6400000
0,0,0,0,0,9.05277e+15,2.24657e+17,4.06324e+17,2.89236e+13,1.06283e+16,0,0,0,0,0,0,3.57761e+16,4.94563e+15,2.54956e+17,1.05972e+16,1.67684e+17,1.12497e+12,7.6484e+11,2.55158e+16,1.51182e+17,0,0,1.36168e+14,0,0,7.39796e+12,0,3.81592e+20,5.69635e+21,5.92288e+20,1.94165e+21,3.50529e+20,8.73364e+18,3.39282e+19,1.79105e+18,1.88397e+14,7.55309e+13,1.10934e+16,0,0,0,0,0,0,0,1.92e+25,4.8e+24,0,7.0095e-06,6600000
0,0,0,0,0,8.02585e+15,2.0129e+17,3.8512e+17,2.72398e+13,1.05133e+16,0,0,0,0,0,0,3.25896e+16,4.41999e+15,2.32569e+17,9.58803e+15,1.53146e+17,1.09314e+12,7.507e+11,2.51917e+16,1.47438e+17,0,0,1.17522e+14,0,0,6.37678e+12,0,3.79163e+20,5.58189e+21,5.89681e+20,2.05368e+21,3.4746e+20,8.87336e+18,3.51971e+19,1.91585e+18,1.99982e+14,8.63258e+13,1.32972e+16,0,0,0,0,0,0,0,1.92e+25,4.8e+24,0,7.5095e-06,6800000
0,0,0,0,0,7.17381e+15,1.81847e+17,3.65671e+17,2.5701e+13,1.03864e+16,0,0,0,0,0,0,2.98321e+16,3.9699e+15,2.13199e+17,8.71872e+15,1.4056e+17,1.06141e+12,7.37054e+11,2.48213e+16,1.43969e+17,0,0,1.0211e+14,0,0,5.53448e+12,0,3.76769e+20,5.46979e+21,5.87109e+20,2.1634e+21,3.44495e+20,9.00986e+18,3.63808e+19,2.03816e+18,2.1077e+14,9.74906e+13,1.57311e+16,0,0,0,0,0,0,0,1.92e+25,4.8e+24,0,8.0095e-06,7000000
0,0,0,0,0,6.4594e+15,1.65503e+17,3.47796e+17,2.42918e+13,1.02513e+16,0,0,0,0,0,0,2.7426e+16,3.58134e+15,1.96299e+17,7.96363e+15,1.29571e+17,1.02985e+12,7.23897e+11,2.44127e+16,1.40748e+17,0,0,8.92587e+13,0,0,4.83334e+12,0,3.74411e+20,5.36e+21,5.84571e+20,2.27085e+21,3.41627e+20,9.14364e+18,3.74857e+19,2.15774e+18,2.20781e+14,1.08955e+14,1.83964e+16,0,0,0,0,0,0,0,1.92e+25,4.8e+24,0,8.5095e-06,7200000
0,0,0,0,0,5.8546e+15,1.51635e+17,3.31336e+17,2.29986e+13,1.01112e+16,0,0,0,0,0,0,2.53115e+16,3.24347e+15,1.81442e+17,7.3029e+15,1.19904e+17,9.98554e+11,7.11219e+11,2.39729e+16,1.3775e+17,0,0,7.84561e+13,0,0,4.24489e+12,0,3.72087e+20,5.25247e+21,5.82065e+20,2.37609e+21,3.38852e+20,9.27511e+18,3.85178e+19,2.27437e+18,2.30043e+14,1.20652e+14,2.12929e+16,0,0,0,0,0,0,0,1.92e+25,4.8e+24,0,9.0095e-06,7400000
0,0,0,0,0,5.33802e+15,1.39767e+17,3.16151e+17,2.18094e+13,9.96823e+15,0,0,0,0,0,0,2.34409e+16,2.94779e+15,1.68296e+17,6.72094e+15,1.11344e+17,9.67583e+11,6.99e+11,2.35077e+16,1.34955e+17,0,0,6.93102e+13,0,0,3.74734e+12,0,3.69796e+20,5.14714e+21,5.79591e+20,2.47918e+21,3.36162e+20,9.40459e+18,3.94822e+19,2.38791e+18,2.38586e+14,1.3252e+14,2.44198e+16,0,0,0,0,0,0,0,1.92e+25,4.8e+24,0,9.5095e-06,7600000
0,0,0,0,0,3.87299e+15,1.05977e+17,2.65848e+17,1.79007e+13,9.39815e+15,0,0,0,0,0,0,1.77426e+16,2.06994e+15,1.28192e+17,4.96565e+15,8.51887e+16,8.48204e+11,6.54293e+11,2.14865e+16,1.25436e+17,0,0,4.40767e+13,0,0,2.37789e+12,0,3.60942e+20,4.74693e+21,5.69986e+20,2.87098e+21,3.26174e+20,9.90715e+18,4.27552e+19,2.8094e+18,2.66295e+14,1.80618e+14,3.91815e+16,0,0,0,0,0,0,0,1.92e+25,4.8e+24,0,1.15095e-05,8000000
0,0,0,0,0,2.15936e+15,6.6025e+16,1.86941e+17,1.18825e+13,8.16988e+15,0,0,0,0,0,0,1.01224e+16,9.79386e+14,7.42564e+16,2.68031e+15,4.98313e+16,5.93827e+11,5.6472e+11,1.62965e+16,1.09108e+17,0,0,1.76589e+13,0,0,9.49817e+11,0,3.40723e+20,3.87925e+21,5.47762e+20,3.72124e+21,3.05347e+20,1.10942e+19,4.79998e+19,3.63383e+18,3.02398e+14,2.92208e+14,9.02897e+16,0,0,0,0,0,0,0,1.92e+25,4.8e+24,0,1.65095e-05,9000000
0,0,0,0,0,1.4167e+15,4.81806e+16,1.42684e+17,8.59196e+12,7.24125e+15,0,0,0,0,0,0,6.47293e+15,5.19114e+14,4.8126e+16,1.63159e+15,3.25592e+16,4.08266e+11,4.95881e+11,1.19205e+16,9.82689e+16,0,0,8.6123e+12,0,0,4.6243e+11,0,3.22786e+20,3.17239e+21,5.27646e+20,4.41546e+21,2.88571e+20,1.22133e+19,5.071e+19,4.17781e+18,3.11643e+14,3.77517e+14,1.57145e+17,0,0,0,0,0,0,0,1.92e+25,4.8e+24,0,2.15095e-05,10000000
0,0,0,0,0,1.01109e+15,3.7934e+16,1.14937e+17,6.57634e+12,6.51592e+15,0,0,0,0,0,0,4.42459e+15,2.93908e+14,3.3276e+16,1.06776e+15,2.26639e+16,2.80411e+11,4.40294e+11,8.62684e+15,9.00185e+16,0,0,4.73985e+12,0,0,2.54187e+11,0,3.06706e+20,2.59628e+21,5.09249e+20,4.98298e+21,2.74462e+20,1.32735e+19,5.20303e+19,4.51639e+18,3.08541e+14,4.34742e+14,2.34295e+17,0,0,0,0,0,0,0,1.92e+25,4.8e+24,0,2.65095e-05,11000000
0,0,0,0,0,7.61152e+14,3.12122e+16,9.60732e+16,5.23657e+12,5.92595e+15,0,0,0,0,0,0,3.15935e+15,1.73735e+14,2.39911e+16,7.33931e+14,1.64304e+16,1.94334e+11,3.94151e+11,6.26146e+15,8.31952e+16,0,0,2.82807e+12,0,0,1.51516e+11,0,2.92173e+20,2.12656e+21,4.92302e+20,5.44739e+21,2.62239e+20,1.42774e+19,5.25543e+19,4.71173e+18,2.99862e+14,4.6922e+14,3.17483e+17,0,0,0,0,0,0,0,1.92e+25,4.8e+24,0,3.15095e-05,12000000
0,0,0,0,0,5.95536e+14,2.64434e+16,8.24646e+16,4.2914e+12,5.43358e+15,0,0,0,0,0,0,2.32683e+15,1.05906e+14,1.78124e+16,5.22992e+14,1.22543e+16,1.36615e+11,3.55234e+11,4.59069e+15,7.72957e+16,0,0,1.7874e+12,0,0,9.56866e+10,0,2.7895e+20,1.74343e+21,4.76603e+20,5.8278e+21,2.51426e+20,1.52273e+19,5.26102e+19,4.80839e+18,2.88804e+14,4.87299e+14,4.03675e+17,0,0,0,0,0,0,0,1.92e+25,4.8e+24,0,3.65095e-05,13000000
